commit 32d1026
Author: Eduardo Pires <eduardo.pires@empresa.com>
Date:   Wed Jan 1 08:00:00 2025 -0300

    refactor(auth): refatora camada de acesso a dados
    Merge pull request #101 from eduardopires/refactor/refatora-camada-de-acesso-a

commit d7e805d
Author: Lucas Ferreira <lucas.ferreira@empresa.com>
Date:   Wed Jan 1 14:11:50 2025 -0300

    style(public-api): ajusta espaçamento e tipografia da interface
    Merge pull request #102 from lucasferreira/style/ajusta-espacamento-e-tipografia-da

commit c3bb81e
Author: Carla Mendes <carla.mendes@empresa.com>
Date:   Wed Jan 1 20:23:41 2025 -0300

    docs(checkout): atualiza documentação da API no README
    Merge pull request #103 from carlamendes/docs/atualiza-documentacao-da-api-no

commit b621792
Author: Fernanda Lima <fernanda.lima@empresa.com>
Date:   Thu Jan 2 02:35:32 2025 -0300

    style(webhooks): padroniza ícones do menu lateral
    Merge pull request #104 from fernandalima/style/padroniza-icones-do-menu-lateral

commit b5bb682
Author: Rafael Nunes <rafael.nunes@empresa.com>
Date:   Thu Jan 2 08:47:22 2025 -0300

    test(webhooks): adiciona testes unitários para serviço de notificações
    Merge pull request #105 from rafaelnunes/test/adiciona-testes-unitarios-para-servico

commit c87a171
Author: Carla Mendes <carla.mendes@empresa.com>
Date:   Thu Jan 2 14:59:13 2025 -0300

    refactor(dashboard): extrai serviço de notificações para módulo próprio
    Merge pull request #106 from carlamendes/refactor/extrai-servico-de-notificacoes-para

commit a6fce48
Author: Fernanda Lima <fernanda.lima@empresa.com>
Date:   Thu Jan 2 21:11:04 2025 -0300

    fix(admin-panel): corrige quebra de layout em telas menores
    Merge pull request #107 from fernandalima/fix/corrige-quebra-de-layout-em

commit dcb74f2
Author: Eduardo Pires <eduardo.pires@empresa.com>
Date:   Fri Jan 3 03:22:55 2025 -0300

    style(public-api): padroniza ícones do menu lateral
    Merge pull request #108 from eduardopires/style/padroniza-icones-do-menu-lateral

commit 2cce803
Author: Rafael Nunes <rafael.nunes@empresa.com>
Date:   Fri Jan 3 09:34:45 2025 -0300

    chore(admin-panel): configura análise estática de código
    Merge pull request #109 from rafaelnunes/chore/configura-analise-estatica-de-codigo

commit d5e0853
Author: Patricia Gomes <patricia.gomes@empresa.com>
Date:   Fri Jan 3 15:46:36 2025 -0300

    docs(notifications): atualiza documentação da API no README
    Merge pull request #110 from patriciagomes/docs/atualiza-documentacao-da-api-no

commit 4b50af0
Author: Juliana Ramos <juliana.ramos@empresa.com>
Date:   Fri Jan 3 21:58:27 2025 -0300

    style(billing): ajusta paleta de cores para acessibilidade
    Merge pull request #111 from julianaramos/style/ajusta-paleta-de-cores-para

commit 22f244f
Author: Thiago Rocha <thiago.rocha@empresa.com>
Date:   Sat Jan 4 04:10:18 2025 -0300

    refactor(billing): reorganiza estrutura de pastas do backend
    Merge pull request #112 from thiagorocha/refactor/reorganiza-estrutura-de-pastas-do

commit 69cbee3
Author: Juliana Ramos <juliana.ramos@empresa.com>
Date:   Sat Jan 4 10:22:08 2025 -0300

    security(mobile-api): atualiza dependência com CVE crítico
    Merge pull request #113 from julianaramos/security/atualiza-dependencia-com-cve-critico

commit 7702172
Author: Rafael Nunes <rafael.nunes@empresa.com>
Date:   Sat Jan 4 16:33:59 2025 -0300

    feat(mobile-api): adiciona API pública versionada
    Merge pull request #114 from rafaelnunes/feat/adiciona-api-publica-versionada

commit f64f7fd
Author: Thiago Rocha <thiago.rocha@empresa.com>
Date:   Sat Jan 4 22:45:50 2025 -0300

    style(notifications): ajusta espaçamento e tipografia da interface
    Merge pull request #115 from thiagorocha/style/ajusta-espacamento-e-tipografia-da

commit de131ca
Author: Rafael Nunes <rafael.nunes@empresa.com>
Date:   Sun Jan 5 04:57:40 2025 -0300

    security(search): implementa rate limiting na API pública
    Merge pull request #116 from rafaelnunes/security/implementa-rate-limiting-na-api

commit e4d58e7
Author: Rafael Nunes <rafael.nunes@empresa.com>
Date:   Sun Jan 5 11:09:31 2025 -0300

    refactor(mobile-api): refatora camada de acesso a dados
    Merge pull request #117 from rafaelnunes/refactor/refatora-camada-de-acesso-a

tag: v2.0.1
Tagger: Renata Bastos <renata.bastos@empresa.com>
Date:   Sun Jan 5 17:21:22 2025 -0300

    Release v2.0.1
    PRs incluídos: #112, #113, #114, #115, #116, #117

commit 5dff6c1
Author: Camila Duarte <camila.duarte@empresa.com>
Date:   Sun Jan 5 23:33:13 2025 -0300

    feat(billing): adiciona suporte a múltiplos idiomas (i18n)
    Merge pull request #118 from camiladuarte/feat/adiciona-suporte-a-multiplos-idiomas

commit df46961
Author: Marina Souza <marina.souza@empresa.com>
Date:   Mon Jan 6 05:45:03 2025 -0300

    test(notifications): adiciona testes unitários para serviço de notificações
    Merge pull request #119 from marinasouza/test/adiciona-testes-unitarios-para-servico

commit f512522
Author: Patricia Gomes <patricia.gomes@empresa.com>
Date:   Mon Jan 6 11:56:54 2025 -0300

    docs(core): atualiza documentação da API no README
    Merge pull request #120 from patriciagomes/docs/atualiza-documentacao-da-api-no

commit 12da86a
Author: Bruno Alves <bruno.alves@empresa.com>
Date:   Mon Jan 6 18:08:45 2025 -0300

    fix(billing): resolve falha de conexão com banco em produção
    Merge pull request #121 from brunoalves/fix/resolve-falha-de-conexao-com

commit 20e3268
Author: Fernanda Lima <fernanda.lima@empresa.com>
Date:   Tue Jan 7 00:20:36 2025 -0300

    test(reports): adiciona testes unitários para serviço de notificações
    Merge pull request #122 from fernandalima/test/adiciona-testes-unitarios-para-servico

commit 5e90934
Author: Thiago Rocha <thiago.rocha@empresa.com>
Date:   Tue Jan 7 06:32:26 2025 -0300

    refactor(notifications): reduz complexidade do componente de checkout
    Merge pull request #123 from thiagorocha/refactor/reduz-complexidade-do-componente-de

commit 6a68f81
Author: Rafael Nunes <rafael.nunes@empresa.com>
Date:   Tue Jan 7 12:44:17 2025 -0300

    chore(notifications): reorganiza arquivos de configuração
    Merge pull request #124 from rafaelnunes/chore/reorganiza-arquivos-de-configuracao

commit 485ed03
Author: Fernanda Lima <fernanda.lima@empresa.com>
Date:   Tue Jan 7 18:56:08 2025 -0300

    feat(reports): implementa autenticação via OAuth2
    Merge pull request #125 from fernandalima/feat/implementa-autenticacao-via-oauth2

commit 4d419b1
Author: Eduardo Pires <eduardo.pires@empresa.com>
Date:   Wed Jan 8 01:07:58 2025 -0300

    style(reports): ajusta espaçamento e tipografia da interface
    Merge pull request #126 from eduardopires/style/ajusta-espacamento-e-tipografia-da

commit d4755d0
Author: Camila Duarte <camila.duarte@empresa.com>
Date:   Wed Jan 8 07:19:49 2025 -0300

    fix(mobile-api): corrige encoding incorreto em exportação CSV
    Merge pull request #127 from camiladuarte/fix/corrige-encoding-incorreto-em-exportacao

commit 3c1f76e
Author: Thiago Rocha <thiago.rocha@empresa.com>
Date:   Wed Jan 8 13:31:40 2025 -0300

    refactor(auth): unifica tratamento de erros da API
    Merge pull request #128 from thiagorocha/refactor/unifica-tratamento-de-erros-da

commit a828bca
Author: Bruno Alves <bruno.alves@empresa.com>
Date:   Wed Jan 8 19:43:31 2025 -0300

    feat(search): adiciona sistema de notificações push
    Merge pull request #129 from brunoalves/feat/adiciona-sistema-de-notificacoes-push

commit dbad3c6
Author: Juliana Ramos <juliana.ramos@empresa.com>
Date:   Thu Jan 9 01:55:21 2025 -0300

    test(checkout): adiciona testes de integração para módulo de checkout
    Merge pull request #130 from julianaramos/test/adiciona-testes-de-integracao-para

commit 6bd2aa3
Author: Eduardo Pires <eduardo.pires@empresa.com>
Date:   Thu Jan 9 08:07:12 2025 -0300

    feat(mobile-api): adiciona suporte a temas customizados
    Merge pull request #131 from eduardopires/feat/adiciona-suporte-a-temas-customizados

commit c946dc5
Author: Juliana Ramos <juliana.ramos@empresa.com>
Date:   Thu Jan 9 14:19:03 2025 -0300

    test(reports): adiciona testes unitários para serviço de notificações
    Merge pull request #132 from julianaramos/test/adiciona-testes-unitarios-para-servico

commit 96daeee
Author: Juliana Ramos <juliana.ramos@empresa.com>
Date:   Thu Jan 9 20:30:54 2025 -0300

    style(notifications): ajusta espaçamento e tipografia da interface
    Merge pull request #133 from julianaramos/style/ajusta-espacamento-e-tipografia-da

commit a279764
Author: Patricia Gomes <patricia.gomes@empresa.com>
Date:   Fri Jan 10 02:42:44 2025 -0300

    chore(notifications): migra pipeline de CI/CD para GitHub Actions
    Merge pull request #134 from patriciagomes/chore/migra-pipeline-de-ci/cd-para

commit 6cfc740
Author: Bruno Alves <bruno.alves@empresa.com>
Date:   Fri Jan 10 08:54:35 2025 -0300

    fix(search): resolve travamento ao anexar múltiplos arquivos
    Merge pull request #135 from brunoalves/fix/resolve-travamento-ao-anexar-multiplos

tag: v2.1.0
Tagger: Renata Bastos <renata.bastos@empresa.com>
Date:   Fri Jan 10 15:06:26 2025 -0300

    Release v2.1.0
    PRs incluídos: #130, #131, #132, #133, #134, #135

commit 73e4eae
Author: Eduardo Pires <eduardo.pires@empresa.com>
Date:   Fri Jan 10 21:18:16 2025 -0300

    perf(mobile-api): otimiza consultas ao banco de dados
    Merge pull request #136 from eduardopires/perf/otimiza-consultas-ao-banco-de

commit 5fe878f
Author: Eduardo Pires <eduardo.pires@empresa.com>
Date:   Sat Jan 11 03:30:07 2025 -0300

    security(dashboard): adiciona validação contra SQL injection
    Merge pull request #137 from eduardopires/security/adiciona-validacao-contra-sql-injection

commit 8aa2447
Author: Juliana Ramos <juliana.ramos@empresa.com>
Date:   Sat Jan 11 09:41:58 2025 -0300

    fix(billing): corrige erro 500 ao gerar relatório mensal
    Merge pull request #138 from julianaramos/fix/corrige-erro-500-ao-gerar

commit aed16dc
Author: Carla Mendes <carla.mendes@empresa.com>
Date:   Sat Jan 11 15:53:49 2025 -0300

    fix(search): corrige cálculo incorreto de impostos
    Merge pull request #139 from carlamendes/fix/corrige-calculo-incorreto-de-impostos

commit b9cd7f7
Author: Eduardo Pires <eduardo.pires@empresa.com>
Date:   Sat Jan 11 22:05:39 2025 -0300

    security(core): corrige exposição de dados em endpoint de debug
    Merge pull request #140 from eduardopires/security/corrige-exposicao-de-dados-em

commit c5e40c0
Author: Diego Castro <diego.castro@empresa.com>
Date:   Sun Jan 12 04:17:30 2025 -0300

    security(webhooks): implementa rate limiting na API pública
    Merge pull request #141 from diegocastro/security/implementa-rate-limiting-na-api

commit 8ca6eaa
Author: Fernanda Lima <fernanda.lima@empresa.com>
Date:   Sun Jan 12 10:29:21 2025 -0300

    perf(core): reduz tempo de build do frontend
    Merge pull request #142 from fernandalima/perf/reduz-tempo-de-build-do

commit f01b721
Author: Fernanda Lima <fernanda.lima@empresa.com>
Date:   Sun Jan 12 16:41:12 2025 -0300

    security(checkout): implementa rate limiting na API pública
    Merge pull request #143 from fernandalima/security/implementa-rate-limiting-na-api

commit 74f36e8
Author: Bruno Alves <bruno.alves@empresa.com>
Date:   Sun Jan 12 22:53:02 2025 -0300

    feat(auth): implementa importação de dados via planilha
    Merge pull request #144 from brunoalves/feat/implementa-importacao-de-dados-via

commit 309cc62
Author: Carla Mendes <carla.mendes@empresa.com>
Date:   Mon Jan 13 05:04:53 2025 -0300

    fix(notifications): resolve race condition no processamento de pedidos
    Merge pull request #145 from carlamendes/fix/resolve-race-condition-no-processamento

commit 31bdb2a
Author: Camila Duarte <camila.duarte@empresa.com>
Date:   Mon Jan 13 11:16:44 2025 -0300

    fix(webhooks): corrige erro 500 ao gerar relatório mensal
    Merge pull request #146 from camiladuarte/fix/corrige-erro-500-ao-gerar

commit e4d58fe
Author: Fernanda Lima <fernanda.lima@empresa.com>
Date:   Mon Jan 13 17:28:35 2025 -0300

    fix(reports): corrige cálculo incorreto de impostos
    Merge pull request #147 from fernandalima/fix/corrige-calculo-incorreto-de-impostos

commit 28e7eca
Author: Eduardo Pires <eduardo.pires@empresa.com>
Date:   Mon Jan 13 23:40:25 2025 -0300

    test(billing): adiciona testes end-to-end para fluxo de compra
    Merge pull request #148 from eduardopires/test/adiciona-testes-end-to-end-para-fluxo

tag: v2.1.1
Tagger: Vinicius Teixeira <vinicius.teixeira@empresa.com>
Date:   Tue Jan 14 05:52:16 2025 -0300

    Release v2.1.1
    PRs incluídos: #143, #144, #145, #146, #147, #148

commit 80627df
Author: Juliana Ramos <juliana.ramos@empresa.com>
Date:   Tue Jan 14 12:04:07 2025 -0300

    test(public-api): corrige testes instáveis (flaky tests) na suíte de CI
    Merge pull request #149 from julianaramos/test/corrige-testes-instaveis-(flaky-tests)

commit 297c79b
Author: Bruno Alves <bruno.alves@empresa.com>
Date:   Tue Jan 14 18:15:57 2025 -0300

    perf(core): reduz tamanho do bundle JavaScript
    Merge pull request #150 from brunoalves/perf/reduz-tamanho-do-bundle-javascript

commit be89873
Author: Patricia Gomes <patricia.gomes@empresa.com>
Date:   Wed Jan 15 00:27:48 2025 -0300

    security(reports): adiciona validação contra SQL injection
    Merge pull request #151 from patriciagomes/security/adiciona-validacao-contra-sql-injection

commit 66f8936
Author: Thiago Rocha <thiago.rocha@empresa.com>
Date:   Wed Jan 15 06:39:39 2025 -0300

    style(auth): ajusta paleta de cores para acessibilidade
    Merge pull request #152 from thiagorocha/style/ajusta-paleta-de-cores-para

commit 481194f
Author: Thiago Rocha <thiago.rocha@empresa.com>
Date:   Wed Jan 15 12:51:30 2025 -0300

    test(public-api): adiciona testes de integração para módulo de checkout
    Merge pull request #153 from thiagorocha/test/adiciona-testes-de-integracao-para

commit ea518f3
Author: Marina Souza <marina.souza@empresa.com>
Date:   Wed Jan 15 19:03:20 2025 -0300

    test(dashboard): adiciona testes unitários para serviço de notificações
    Merge pull request #154 from marinasouza/test/adiciona-testes-unitarios-para-servico

commit 1449273
Author: Fernanda Lima <fernanda.lima@empresa.com>
Date:   Thu Jan 16 01:15:11 2025 -0300

    fix(webhooks): resolve falha de conexão com banco em produção
    Merge pull request #155 from fernandalima/fix/resolve-falha-de-conexao-com

commit e9d9136
Author: Fernanda Lima <fernanda.lima@empresa.com>
Date:   Thu Jan 16 07:27:02 2025 -0300

    refactor(dashboard): migra chamadas de API para hooks customizados
    Merge pull request #156 from fernandalima/refactor/migra-chamadas-de-api-para

commit 5250def
Author: Juliana Ramos <juliana.ramos@empresa.com>
Date:   Thu Jan 16 13:38:53 2025 -0300

    fix(billing): resolve race condition no processamento de pedidos
    Merge pull request #157 from julianaramos/fix/resolve-race-condition-no-processamento

commit 786d374
Author: Bruno Alves <bruno.alves@empresa.com>
Date:   Thu Jan 16 19:50:43 2025 -0300

    test(checkout): adiciona testes unitários para serviço de notificações
    Merge pull request #158 from brunoalves/test/adiciona-testes-unitarios-para-servico

commit 9e3e9c8
Author: Carla Mendes <carla.mendes@empresa.com>
Date:   Fri Jan 17 02:02:34 2025 -0300

    feat(notifications): implementa cache com Redis para consultas frequentes
    Merge pull request #159 from carlamendes/feat/implementa-cache-com-redis-para

commit da80270
Author: Diego Castro <diego.castro@empresa.com>
Date:   Fri Jan 17 08:14:25 2025 -0300

    fix(core): corrige botão de cancelamento não responsivo
    Merge pull request #160 from diegocastro/fix/corrige-botao-de-cancelamento-nao

commit e85df2f
Author: Juliana Ramos <juliana.ramos@empresa.com>
Date:   Fri Jan 17 14:26:15 2025 -0300

    feat(dashboard): implementa cache com Redis para consultas frequentes
    Merge pull request #161 from julianaramos/feat/implementa-cache-com-redis-para

tag: v2.1.2
Tagger: Vinicius Teixeira <vinicius.teixeira@empresa.com>
Date:   Fri Jan 17 20:38:06 2025 -0300

    Release v2.1.2
    PRs incluídos: #156, #157, #158, #159, #160, #161

commit c1e2a8a
Author: Thiago Rocha <thiago.rocha@empresa.com>
Date:   Sat Jan 18 02:49:57 2025 -0300

    perf(webhooks): otimiza carregamento de imagens (lazy loading)
    Merge pull request #162 from thiagorocha/perf/otimiza-carregamento-de-imagens-(lazy

commit d16bfe1
Author: Fernanda Lima <fernanda.lima@empresa.com>
Date:   Sat Jan 18 09:01:48 2025 -0300

    feat(dashboard): implementa histórico de alterações (audit log)
    Merge pull request #163 from fernandalima/feat/implementa-historico-de-alteracoes-(audit

commit f307590
Author: Patricia Gomes <patricia.gomes@empresa.com>
Date:   Sat Jan 18 15:13:38 2025 -0300

    test(public-api): adiciona testes unitários para serviço de notificações
    Merge pull request #164 from patriciagomes/test/adiciona-testes-unitarios-para-servico

commit 4f98dff
Author: Rafael Nunes <rafael.nunes@empresa.com>
Date:   Sat Jan 18 21:25:29 2025 -0300

    fix(checkout): resolve travamento ao anexar múltiplos arquivos
    Merge pull request #165 from rafaelnunes/fix/resolve-travamento-ao-anexar-multiplos

commit 428da80
Author: Patricia Gomes <patricia.gomes@empresa.com>
Date:   Sun Jan 19 03:37:20 2025 -0300

    security(admin-panel): atualiza dependência com CVE crítico
    Merge pull request #166 from patriciagomes/security/atualiza-dependencia-com-cve-critico

commit fbacea6
Author: Juliana Ramos <juliana.ramos@empresa.com>
Date:   Sun Jan 19 09:49:11 2025 -0300

    perf(dashboard): reduz tempo de build do frontend
    Merge pull request #167 from julianaramos/perf/reduz-tempo-de-build-do

commit afcc4f1
Author: Lucas Ferreira <lucas.ferreira@empresa.com>
Date:   Sun Jan 19 16:01:01 2025 -0300

    refactor(core): migra chamadas de API para hooks customizados
    Merge pull request #168 from lucasferreira/refactor/migra-chamadas-de-api-para

commit e04d42f
Author: Lucas Ferreira <lucas.ferreira@empresa.com>
Date:   Sun Jan 19 22:12:52 2025 -0300

    fix(checkout): resolve travamento ao anexar múltiplos arquivos
    Merge pull request #169 from lucasferreira/fix/resolve-travamento-ao-anexar-multiplos

commit caf1279
Author: Thiago Rocha <thiago.rocha@empresa.com>
Date:   Mon Jan 20 04:24:43 2025 -0300

    security(reports): corrige vulnerabilidade de XSS no formulário de contato
    Merge pull request #170 from thiagorocha/security/corrige-vulnerabilidade-de-xss-no

commit 5901a19
Author: Rafael Nunes <rafael.nunes@empresa.com>
Date:   Mon Jan 20 10:36:33 2025 -0300

    fix(dashboard): corrige inconsistência de fuso horário nos relatórios
    Merge pull request #171 from rafaelnunes/fix/corrige-inconsistencia-de-fuso-horario

commit 5552c7f
Author: Fernanda Lima <fernanda.lima@empresa.com>
Date:   Mon Jan 20 16:48:24 2025 -0300

    refactor(admin-panel): migra chamadas de API para hooks customizados
    Merge pull request #172 from fernandalima/refactor/migra-chamadas-de-api-para

tag: v2.1.3
Tagger: Renata Bastos <renata.bastos@empresa.com>
Date:   Mon Jan 20 23:00:15 2025 -0300

    Release v2.1.3
    PRs incluídos: #167, #168, #169, #170, #171, #172

commit 52eb9d8
Author: Camila Duarte <camila.duarte@empresa.com>
Date:   Tue Jan 21 05:12:06 2025 -0300

    perf(webhooks): otimiza carregamento de imagens (lazy loading)
    Merge pull request #173 from camiladuarte/perf/otimiza-carregamento-de-imagens-(lazy

commit 7cb990c
Author: Juliana Ramos <juliana.ramos@empresa.com>
Date:   Tue Jan 21 11:23:56 2025 -0300

    security(checkout): corrige exposição de dados em endpoint de debug
    Merge pull request #174 from julianaramos/security/corrige-exposicao-de-dados-em

commit f97b768
Author: Lucas Ferreira <lucas.ferreira@empresa.com>
Date:   Tue Jan 21 17:35:47 2025 -0300

    feat(public-api): implementa importação de dados via planilha
    Merge pull request #175 from lucasferreira/feat/implementa-importacao-de-dados-via

commit 19e1b42
Author: Eduardo Pires <eduardo.pires@empresa.com>
Date:   Tue Jan 21 23:47:38 2025 -0300

    chore(webhooks): migra pipeline de CI/CD para GitHub Actions
    Merge pull request #176 from eduardopires/chore/migra-pipeline-de-ci/cd-para

commit b858f9a
Author: Eduardo Pires <eduardo.pires@empresa.com>
Date:   Wed Jan 22 05:59:29 2025 -0300

    chore(auth): atualiza versão do runtime do Node.js
    Merge pull request #177 from eduardopires/chore/atualiza-versao-do-runtime-do

commit cb2c083
Author: Diego Castro <diego.castro@empresa.com>
Date:   Wed Jan 22 12:11:19 2025 -0300

    chore(webhooks): atualiza versão do runtime do Node.js
    Merge pull request #178 from diegocastro/chore/atualiza-versao-do-runtime-do

commit b37f0a7
Author: Camila Duarte <camila.duarte@empresa.com>
Date:   Wed Jan 22 18:23:10 2025 -0300

    test(search): corrige testes instáveis (flaky tests) na suíte de CI
    Merge pull request #179 from camiladuarte/test/corrige-testes-instaveis-(flaky-tests)

commit 4119f33
Author: Camila Duarte <camila.duarte@empresa.com>
Date:   Thu Jan 23 00:35:01 2025 -0300

    test(checkout): adiciona testes unitários para serviço de notificações
    Merge pull request #180 from camiladuarte/test/adiciona-testes-unitarios-para-servico

commit d4d3fd8
Author: Patricia Gomes <patricia.gomes@empresa.com>
Date:   Thu Jan 23 06:46:52 2025 -0300

    security(reports): corrige exposição de dados em endpoint de debug
    Merge pull request #181 from patriciagomes/security/corrige-exposicao-de-dados-em

commit b3bb1c8
Author: Thiago Rocha <thiago.rocha@empresa.com>
Date:   Thu Jan 23 12:58:42 2025 -0300

    perf(billing): reduz tamanho do bundle JavaScript
    Merge pull request #182 from thiagorocha/perf/reduz-tamanho-do-bundle-javascript

commit a746266
Author: Diego Castro <diego.castro@empresa.com>
Date:   Thu Jan 23 19:10:33 2025 -0300

    refactor(core): reorganiza estrutura de pastas do backend
    Merge pull request #183 from diegocastro/refactor/reorganiza-estrutura-de-pastas-do

commit 8448530
Author: Bruno Alves <bruno.alves@empresa.com>
Date:   Fri Jan 24 01:22:24 2025 -0300

    chore(core): padroniza formatação com Prettier/ESLint
    Merge pull request #184 from brunoalves/chore/padroniza-formatacao-com-prettier/eslint

commit 814d32f
Author: Thiago Rocha <thiago.rocha@empresa.com>
Date:   Fri Jan 24 07:34:14 2025 -0300

    docs(auth): atualiza documentação da API no README
    Merge pull request #185 from thiagorocha/docs/atualiza-documentacao-da-api-no

commit 719e01f
Author: Thiago Rocha <thiago.rocha@empresa.com>
Date:   Fri Jan 24 13:46:05 2025 -0300

    fix(mobile-api): resolve travamento ao anexar múltiplos arquivos
    Merge pull request #186 from thiagorocha/fix/resolve-travamento-ao-anexar-multiplos

tag: v2.2.0
Tagger: Vinicius Teixeira <vinicius.teixeira@empresa.com>
Date:   Fri Jan 24 19:57:56 2025 -0300

    Release v2.2.0
    PRs incluídos: #181, #182, #183, #184, #185, #186

commit 4248ac9
Author: Diego Castro <diego.castro@empresa.com>
Date:   Sat Jan 25 02:09:47 2025 -0300

    fix(admin-panel): resolve lentidão na listagem de produtos
    Merge pull request #187 from diegocastro/fix/resolve-lentidao-na-listagem-de

commit 6de7dae
Author: Lucas Ferreira <lucas.ferreira@empresa.com>
Date:   Sat Jan 25 08:21:37 2025 -0300

    fix(webhooks): corrige inconsistência de fuso horário nos relatórios
    Merge pull request #188 from lucasferreira/fix/corrige-inconsistencia-de-fuso-horario

commit 8b4f222
Author: Eduardo Pires <eduardo.pires@empresa.com>
Date:   Sat Jan 25 14:33:28 2025 -0300

    docs(reports): atualiza changelog do projeto
    Merge pull request #189 from eduardopires/docs/atualiza-changelog-do-projeto

commit a3dbd19
Author: Rafael Nunes <rafael.nunes@empresa.com>
Date:   Sat Jan 25 20:45:19 2025 -0300

    chore(core): limpa dependências não utilizadas
    Merge pull request #190 from rafaelnunes/chore/limpa-dependencias-nao-utilizadas

commit f73bb38
Author: Thiago Rocha <thiago.rocha@empresa.com>
Date:   Sun Jan 26 02:57:10 2025 -0300

    style(auth): ajusta espaçamento e tipografia da interface
    Merge pull request #191 from thiagorocha/style/ajusta-espacamento-e-tipografia-da

commit 80589ab
Author: Fernanda Lima <fernanda.lima@empresa.com>
Date:   Sun Jan 26 09:09:00 2025 -0300

    style(admin-panel): ajusta espaçamento e tipografia da interface
    Merge pull request #192 from fernandalima/style/ajusta-espacamento-e-tipografia-da

commit 026cdea
Author: Carla Mendes <carla.mendes@empresa.com>
Date:   Sun Jan 26 15:20:51 2025 -0300

    security(auth): corrige vulnerabilidade de XSS no formulário de contato
    Merge pull request #193 from carlamendes/security/corrige-vulnerabilidade-de-xss-no

commit 5128edf
Author: Juliana Ramos <juliana.ramos@empresa.com>
Date:   Sun Jan 26 21:32:42 2025 -0300

    fix(auth): resolve vazamento de memória no worker de filas
    Merge pull request #194 from julianaramos/fix/resolve-vazamento-de-memoria-no

commit d39f917
Author: Fernanda Lima <fernanda.lima@empresa.com>
Date:   Mon Jan 27 03:44:32 2025 -0300

    refactor(reports): simplifica lógica de validação de formulários
    Merge pull request #195 from fernandalima/refactor/simplifica-logica-de-validacao-de

commit 489a30f
Author: Marina Souza <marina.souza@empresa.com>
Date:   Mon Jan 27 09:56:23 2025 -0300

    refactor(billing): unifica tratamento de erros da API
    Merge pull request #196 from marinasouza/refactor/unifica-tratamento-de-erros-da

commit 7b2c1d0
Author: Carla Mendes <carla.mendes@empresa.com>
Date:   Mon Jan 27 16:08:14 2025 -0300

    security(public-api): adiciona validação contra SQL injection
    Merge pull request #197 from carlamendes/security/adiciona-validacao-contra-sql-injection

commit d93c0a5
Author: Rafael Nunes <rafael.nunes@empresa.com>
Date:   Mon Jan 27 22:20:05 2025 -0300

    security(search): adiciona validação contra SQL injection
    Merge pull request #198 from rafaelnunes/security/adiciona-validacao-contra-sql-injection

commit 7dc2c9a
Author: Diego Castro <diego.castro@empresa.com>
Date:   Tue Jan 28 04:31:55 2025 -0300

    fix(checkout): corrige cálculo incorreto de impostos
    Merge pull request #199 from diegocastro/fix/corrige-calculo-incorreto-de-impostos

commit 6bb4734
Author: Carla Mendes <carla.mendes@empresa.com>
Date:   Tue Jan 28 10:43:46 2025 -0300

    style(checkout): ajusta paleta de cores para acessibilidade
    Merge pull request #200 from carlamendes/style/ajusta-paleta-de-cores-para

commit feeaa4e
Author: Carla Mendes <carla.mendes@empresa.com>
Date:   Tue Jan 28 16:55:37 2025 -0300

    chore(auth): migra pipeline de CI/CD para GitHub Actions
    Merge pull request #201 from carlamendes/chore/migra-pipeline-de-ci/cd-para

commit 1b29ee1
Author: Diego Castro <diego.castro@empresa.com>
Date:   Tue Jan 28 23:07:28 2025 -0300

    test(admin-panel): adiciona testes end-to-end para fluxo de compra
    Merge pull request #202 from diegocastro/test/adiciona-testes-end-to-end-para-fluxo

commit ce1e6af
Author: Juliana Ramos <juliana.ramos@empresa.com>
Date:   Wed Jan 29 05:19:18 2025 -0300

    fix(admin-panel): corrige botão de cancelamento não responsivo
    Merge pull request #203 from julianaramos/fix/corrige-botao-de-cancelamento-nao

tag: v2.2.1
Tagger: Renata Bastos <renata.bastos@empresa.com>
Date:   Wed Jan 29 11:31:09 2025 -0300

    Release v2.2.1
    PRs incluídos: #198, #199, #200, #201, #202, #203

commit ee5bb9c
Author: Patricia Gomes <patricia.gomes@empresa.com>
Date:   Wed Jan 29 17:43:00 2025 -0300

    chore(billing): atualiza dependências do projeto
    Merge pull request #204 from patriciagomes/chore/atualiza-dependencias-do-projeto

commit a3c984a
Author: Thiago Rocha <thiago.rocha@empresa.com>
Date:   Wed Jan 29 23:54:50 2025 -0300

    feat(checkout): adiciona suporte a webhooks
    Merge pull request #205 from thiagorocha/feat/adiciona-suporte-a-webhooks

commit c429ca4
Author: Camila Duarte <camila.duarte@empresa.com>
Date:   Thu Jan 30 06:06:41 2025 -0300

    docs(webhooks): documenta processo de deploy
    Merge pull request #206 from camiladuarte/docs/documenta-processo-de-deploy

commit db0b956
Author: Eduardo Pires <eduardo.pires@empresa.com>
Date:   Thu Jan 30 12:18:32 2025 -0300

    style(webhooks): ajusta espaçamento e tipografia da interface
    Merge pull request #207 from eduardopires/style/ajusta-espacamento-e-tipografia-da

commit 2931a4c
Author: Diego Castro <diego.castro@empresa.com>
Date:   Thu Jan 30 18:30:23 2025 -0300

    refactor(auth): extrai serviço de notificações para módulo próprio
    Merge pull request #208 from diegocastro/refactor/extrai-servico-de-notificacoes-para

commit db7e9e7
Author: Carla Mendes <carla.mendes@empresa.com>
Date:   Fri Jan 31 00:42:13 2025 -0300

    chore(core): atualiza imagem base do Docker
    Merge pull request #209 from carlamendes/chore/atualiza-imagem-base-do-docker

commit ee9cd56
Author: Juliana Ramos <juliana.ramos@empresa.com>
Date:   Fri Jan 31 06:54:04 2025 -0300

    refactor(webhooks): reduz complexidade do componente de checkout
    Merge pull request #210 from julianaramos/refactor/reduz-complexidade-do-componente-de

commit 339258e
Author: Carla Mendes <carla.mendes@empresa.com>
Date:   Fri Jan 31 13:05:55 2025 -0300

    feat(reports): implementa sistema de permissões por papel
    Merge pull request #211 from carlamendes/feat/implementa-sistema-de-permissoes-por

commit 0d1cb7c
Author: Fernanda Lima <fernanda.lima@empresa.com>
Date:   Fri Jan 31 19:17:46 2025 -0300

    refactor(reports): desacopla módulo de pagamentos do core
    Merge pull request #212 from fernandalima/refactor/desacopla-modulo-de-pagamentos-do

commit a4419f4
Author: Bruno Alves <bruno.alves@empresa.com>
Date:   Sat Feb 1 01:29:36 2025 -0300

    docs(public-api): atualiza documentação da API no README
    Merge pull request #213 from brunoalves/docs/atualiza-documentacao-da-api-no

commit 864d397
Author: Diego Castro <diego.castro@empresa.com>
Date:   Sat Feb 1 07:41:27 2025 -0300

    feat(core): adiciona suporte a múltiplos idiomas (i18n)
    Merge pull request #214 from diegocastro/feat/adiciona-suporte-a-multiplos-idiomas

commit 23f0749
Author: Marina Souza <marina.souza@empresa.com>
Date:   Sat Feb 1 13:53:18 2025 -0300

    security(dashboard): adiciona validação contra SQL injection
    Merge pull request #215 from marinasouza/security/adiciona-validacao-contra-sql-injection

commit 2b20cf1
Author: Lucas Ferreira <lucas.ferreira@empresa.com>
Date:   Sat Feb 1 20:05:09 2025 -0300

    refactor(auth): migra chamadas de API para hooks customizados
    Merge pull request #216 from lucasferreira/refactor/migra-chamadas-de-api-para

commit b73a41b
Author: Thiago Rocha <thiago.rocha@empresa.com>
Date:   Sun Feb 2 02:16:59 2025 -0300

    feat(checkout): implementa paginação infinita na listagem
    Merge pull request #217 from thiagorocha/feat/implementa-paginacao-infinita-na-listagem

commit 542e196
Author: Camila Duarte <camila.duarte@empresa.com>
Date:   Sun Feb 2 08:28:50 2025 -0300

    perf(webhooks): reduz tamanho do bundle JavaScript
    Merge pull request #218 from camiladuarte/perf/reduz-tamanho-do-bundle-javascript

tag: v2.3.0
Tagger: Renata Bastos <renata.bastos@empresa.com>
Date:   Sun Feb 2 14:40:41 2025 -0300

    Release v2.3.0
    PRs incluídos: #213, #214, #215, #216, #217, #218

commit 69b1a83
Author: Fernanda Lima <fernanda.lima@empresa.com>
Date:   Sun Feb 2 20:52:31 2025 -0300

    perf(core): otimiza carregamento de imagens (lazy loading)
    Merge pull request #219 from fernandalima/perf/otimiza-carregamento-de-imagens-(lazy

commit 5ffb82d
Author: Fernanda Lima <fernanda.lima@empresa.com>
Date:   Mon Feb 3 03:04:22 2025 -0300

    perf(reports): reduz tamanho do bundle JavaScript
    Merge pull request #220 from fernandalima/perf/reduz-tamanho-do-bundle-javascript

commit 32a99ed
Author: Lucas Ferreira <lucas.ferreira@empresa.com>
Date:   Mon Feb 3 09:16:13 2025 -0300

    style(reports): padroniza ícones do menu lateral
    Merge pull request #221 from lucasferreira/style/padroniza-icones-do-menu-lateral

commit bd812cb
Author: Diego Castro <diego.castro@empresa.com>
Date:   Mon Feb 3 15:28:04 2025 -0300

    perf(public-api): otimiza consultas ao banco de dados
    Merge pull request #222 from diegocastro/perf/otimiza-consultas-ao-banco-de

commit e1427bb
Author: Eduardo Pires <eduardo.pires@empresa.com>
Date:   Mon Feb 3 21:39:54 2025 -0300

    chore(auth): atualiza dependências do projeto
    Merge pull request #223 from eduardopires/chore/atualiza-dependencias-do-projeto

commit be24bca
Author: Marina Souza <marina.souza@empresa.com>
Date:   Tue Feb 4 03:51:45 2025 -0300

    chore(reports): atualiza imagem base do Docker
    Merge pull request #224 from marinasouza/chore/atualiza-imagem-base-do-docker

commit c388e69
Author: Bruno Alves <bruno.alves@empresa.com>
Date:   Tue Feb 4 10:03:36 2025 -0300

    feat(dashboard): implementa cache com Redis para consultas frequentes
    Merge pull request #225 from brunoalves/feat/implementa-cache-com-redis-para

commit e5e2ab2
Author: Diego Castro <diego.castro@empresa.com>
Date:   Tue Feb 4 16:15:27 2025 -0300

    fix(checkout): corrige erro de validação no formulário de cadastro
    Merge pull request #226 from diegocastro/fix/corrige-erro-de-validacao-no

commit 73647f0
Author: Juliana Ramos <juliana.ramos@empresa.com>
Date:   Tue Feb 4 22:27:17 2025 -0300

    chore(reports): remove código legado não utilizado
    Merge pull request #227 from julianaramos/chore/remove-codigo-legado-nao-utilizado

commit 229cfdd
Author: Lucas Ferreira <lucas.ferreira@empresa.com>
Date:   Wed Feb 5 04:39:08 2025 -0300

    perf(auth): otimiza indexação de busca full-text
    Merge pull request #228 from lucasferreira/perf/otimiza-indexacao-de-busca-full-text

commit eb454d1
Author: Rafael Nunes <rafael.nunes@empresa.com>
Date:   Wed Feb 5 10:50:59 2025 -0300

    docs(dashboard): atualiza documentação da API no README
    Merge pull request #229 from rafaelnunes/docs/atualiza-documentacao-da-api-no

commit a7b9286
Author: Patricia Gomes <patricia.gomes@empresa.com>
Date:   Wed Feb 5 17:02:49 2025 -0300

    test(auth): aumenta cobertura de testes do módulo de usuários
    Merge pull request #230 from patriciagomes/test/aumenta-cobertura-de-testes-do

commit 2545a10
Author: Juliana Ramos <juliana.ramos@empresa.com>
Date:   Wed Feb 5 23:14:40 2025 -0300

    test(mobile-api): corrige testes instáveis (flaky tests) na suíte de CI
    Merge pull request #231 from julianaramos/test/corrige-testes-instaveis-(flaky-tests)

commit d0f99f7
Author: Camila Duarte <camila.duarte@empresa.com>
Date:   Thu Feb 6 05:26:31 2025 -0300

    test(admin-panel): aumenta cobertura de testes do módulo de usuários
    Merge pull request #232 from camiladuarte/test/aumenta-cobertura-de-testes-do

commit 15edfe6
Author: Camila Duarte <camila.duarte@empresa.com>
Date:   Thu Feb 6 11:38:22 2025 -0300

    test(checkout): adiciona testes unitários para serviço de notificações
    Merge pull request #233 from camiladuarte/test/adiciona-testes-unitarios-para-servico

tag: v2.3.1
Tagger: Renata Bastos <renata.bastos@empresa.com>
Date:   Thu Feb 6 17:50:12 2025 -0300

    Release v2.3.1
    PRs incluídos: #228, #229, #230, #231, #232, #233

commit 3a7e38e
Author: Thiago Rocha <thiago.rocha@empresa.com>
Date:   Fri Feb 7 00:02:03 2025 -0300

    chore(mobile-api): atualiza biblioteca de testes
    Merge pull request #234 from thiagorocha/chore/atualiza-biblioteca-de-testes

commit d75aa65
Author: Rafael Nunes <rafael.nunes@empresa.com>
Date:   Fri Feb 7 06:13:54 2025 -0300

    test(admin-panel): adiciona testes unitários para serviço de notificações
    Merge pull request #235 from rafaelnunes/test/adiciona-testes-unitarios-para-servico

commit 2ce76b1
Author: Diego Castro <diego.castro@empresa.com>
Date:   Fri Feb 7 12:25:45 2025 -0300

    test(core): adiciona testes unitários para serviço de notificações
    Merge pull request #236 from diegocastro/test/adiciona-testes-unitarios-para-servico

commit 03d48bc
Author: Diego Castro <diego.castro@empresa.com>
Date:   Fri Feb 7 18:37:35 2025 -0300

    perf(mobile-api): otimiza carregamento de imagens (lazy loading)
    Merge pull request #237 from diegocastro/perf/otimiza-carregamento-de-imagens-(lazy

commit 92ce834
Author: Fernanda Lima <fernanda.lima@empresa.com>
Date:   Sat Feb 8 00:49:26 2025 -0300

    style(reports): ajusta espaçamento e tipografia da interface
    Merge pull request #238 from fernandalima/style/ajusta-espacamento-e-tipografia-da

commit 6c1114a
Author: Thiago Rocha <thiago.rocha@empresa.com>
Date:   Sat Feb 8 07:01:17 2025 -0300

    style(auth): padroniza ícones do menu lateral
    Merge pull request #239 from thiagorocha/style/padroniza-icones-do-menu-lateral

commit 4aa5c9a
Author: Patricia Gomes <patricia.gomes@empresa.com>
Date:   Sat Feb 8 13:13:07 2025 -0300

    chore(mobile-api): padroniza formatação com Prettier/ESLint
    Merge pull request #240 from patriciagomes/chore/padroniza-formatacao-com-prettier/eslint

commit f0ba3d9
Author: Patricia Gomes <patricia.gomes@empresa.com>
Date:   Sat Feb 8 19:24:58 2025 -0300

    perf(notifications): otimiza indexação de busca full-text
    Merge pull request #241 from patriciagomes/perf/otimiza-indexacao-de-busca-full-text

commit 871f5c4
Author: Eduardo Pires <eduardo.pires@empresa.com>
Date:   Sun Feb 9 01:36:49 2025 -0300

    feat(dashboard): implementa importação de dados via planilha
    Merge pull request #242 from eduardopires/feat/implementa-importacao-de-dados-via

commit ead4d6d
Author: Bruno Alves <bruno.alves@empresa.com>
Date:   Sun Feb 9 07:48:40 2025 -0300

    fix(core): corrige quebra de layout em telas menores
    Merge pull request #243 from brunoalves/fix/corrige-quebra-de-layout-em

commit 6afca5e
Author: Lucas Ferreira <lucas.ferreira@empresa.com>
Date:   Sun Feb 9 14:00:30 2025 -0300

    feat(mobile-api): adiciona modo escuro na interface
    Merge pull request #244 from lucasferreira/feat/adiciona-modo-escuro-na-interface

commit 6789799
Author: Patricia Gomes <patricia.gomes@empresa.com>
Date:   Sun Feb 9 20:12:21 2025 -0300

    test(dashboard): corrige testes instáveis (flaky tests) na suíte de CI
    Merge pull request #245 from patriciagomes/test/corrige-testes-instaveis-(flaky-tests)

commit 893ccb4
Author: Eduardo Pires <eduardo.pires@empresa.com>
Date:   Mon Feb 10 02:24:12 2025 -0300

    docs(reports): atualiza changelog do projeto
    Merge pull request #246 from eduardopires/docs/atualiza-changelog-do-projeto

commit 8f66884
Author: Juliana Ramos <juliana.ramos@empresa.com>
Date:   Mon Feb 10 08:36:03 2025 -0300

    docs(webhooks): atualiza changelog do projeto
    Merge pull request #247 from julianaramos/docs/atualiza-changelog-do-projeto

commit 7713daf
Author: Eduardo Pires <eduardo.pires@empresa.com>
Date:   Mon Feb 10 14:47:53 2025 -0300

    refactor(core): refatora camada de acesso a dados
    Merge pull request #248 from eduardopires/refactor/refatora-camada-de-acesso-a

tag: v2.3.2
Tagger: Renata Bastos <renata.bastos@empresa.com>
Date:   Mon Feb 10 20:59:44 2025 -0300

    Release v2.3.2
    PRs incluídos: #243, #244, #245, #246, #247, #248

commit a912715
Author: Camila Duarte <camila.duarte@empresa.com>
Date:   Tue Feb 11 03:11:35 2025 -0300

    perf(notifications): reduz tempo de build do frontend
    Merge pull request #249 from camiladuarte/perf/reduz-tempo-de-build-do

commit 91093a9
Author: Carla Mendes <carla.mendes@empresa.com>
Date:   Tue Feb 11 09:23:26 2025 -0300

    security(auth): corrige exposição de dados em endpoint de debug
    Merge pull request #250 from carlamendes/security/corrige-exposicao-de-dados-em

commit e863a5e
Author: Patricia Gomes <patricia.gomes@empresa.com>
Date:   Tue Feb 11 15:35:16 2025 -0300

    perf(mobile-api): reduz tempo de build do frontend
    Merge pull request #251 from patriciagomes/perf/reduz-tempo-de-build-do

commit 65cda2c
Author: Eduardo Pires <eduardo.pires@empresa.com>
Date:   Tue Feb 11 21:47:07 2025 -0300

    feat(notifications): adiciona suporte a webhooks
    Merge pull request #252 from eduardopires/feat/adiciona-suporte-a-webhooks

commit 08c7e8a
Author: Carla Mendes <carla.mendes@empresa.com>
Date:   Wed Feb 12 03:58:58 2025 -0300

    perf(billing): otimiza carregamento de imagens (lazy loading)
    Merge pull request #253 from carlamendes/perf/otimiza-carregamento-de-imagens-(lazy

commit b713e95
Author: Eduardo Pires <eduardo.pires@empresa.com>
Date:   Wed Feb 12 10:10:48 2025 -0300

    feat(webhooks): adiciona integração com gateway de pagamento
    Merge pull request #254 from eduardopires/feat/adiciona-integracao-com-gateway-de

commit 774f4eb
Author: Patricia Gomes <patricia.gomes@empresa.com>
Date:   Wed Feb 12 16:22:39 2025 -0300

    fix(reports): corrige erro 500 ao gerar relatório mensal
    Merge pull request #255 from patriciagomes/fix/corrige-erro-500-ao-gerar

commit 72eb231
Author: Patricia Gomes <patricia.gomes@empresa.com>
Date:   Wed Feb 12 22:34:30 2025 -0300

    style(billing): ajusta paleta de cores para acessibilidade
    Merge pull request #256 from patriciagomes/style/ajusta-paleta-de-cores-para

commit ae36f2e
Author: Patricia Gomes <patricia.gomes@empresa.com>
Date:   Thu Feb 13 04:46:21 2025 -0300

    style(auth): ajusta espaçamento e tipografia da interface
    Merge pull request #257 from patriciagomes/style/ajusta-espacamento-e-tipografia-da

commit 1e90c80
Author: Diego Castro <diego.castro@empresa.com>
Date:   Thu Feb 13 10:58:11 2025 -0300

    style(dashboard): padroniza ícones do menu lateral
    Merge pull request #258 from diegocastro/style/padroniza-icones-do-menu-lateral

commit 212f19d
Author: Lucas Ferreira <lucas.ferreira@empresa.com>
Date:   Thu Feb 13 17:10:02 2025 -0300

    feat(reports): implementa autenticação de dois fatores
    Merge pull request #259 from lucasferreira/feat/implementa-autenticacao-de-dois-fatores

commit ecc24b3
Author: Carla Mendes <carla.mendes@empresa.com>
Date:   Thu Feb 13 23:21:53 2025 -0300

    security(search): implementa rate limiting na API pública
    Merge pull request #260 from carlamendes/security/implementa-rate-limiting-na-api

commit 09edc77
Author: Fernanda Lima <fernanda.lima@empresa.com>
Date:   Fri Feb 14 05:33:44 2025 -0300

    chore(core): atualiza versão do runtime do Node.js
    Merge pull request #261 from fernandalima/chore/atualiza-versao-do-runtime-do

commit d076231
Author: Carla Mendes <carla.mendes@empresa.com>
Date:   Fri Feb 14 11:45:34 2025 -0300

    refactor(core): simplifica lógica de validação de formulários
    Merge pull request #262 from carlamendes/refactor/simplifica-logica-de-validacao-de

commit e761497
Author: Camila Duarte <camila.duarte@empresa.com>
Date:   Fri Feb 14 17:57:25 2025 -0300

    refactor(search): reorganiza estrutura de pastas do backend
    Merge pull request #263 from camiladuarte/refactor/reorganiza-estrutura-de-pastas-do

commit a7947d9
Author: Eduardo Pires <eduardo.pires@empresa.com>
Date:   Sat Feb 15 00:09:16 2025 -0300

    docs(admin-panel): adiciona exemplos de uso da API pública
    Merge pull request #264 from eduardopires/docs/adiciona-exemplos-de-uso-da

commit f1bcadd
Author: Patricia Gomes <patricia.gomes@empresa.com>
Date:   Sat Feb 15 06:21:06 2025 -0300

    chore(mobile-api): configura análise estática de código
    Merge pull request #265 from patriciagomes/chore/configura-analise-estatica-de-codigo

commit 794e1dd
Author: Fernanda Lima <fernanda.lima@empresa.com>
Date:   Sat Feb 15 12:32:57 2025 -0300

    style(billing): padroniza ícones do menu lateral
    Merge pull request #266 from fernandalima/style/padroniza-icones-do-menu-lateral

tag: v2.3.3
Tagger: Renata Bastos <renata.bastos@empresa.com>
Date:   Sat Feb 15 18:44:48 2025 -0300

    Release v2.3.3
    PRs incluídos: #261, #262, #263, #264, #265, #266

commit 618c126
Author: Camila Duarte <camila.duarte@empresa.com>
Date:   Sun Feb 16 00:56:39 2025 -0300

    perf(checkout): otimiza carregamento de imagens (lazy loading)
    Merge pull request #267 from camiladuarte/perf/otimiza-carregamento-de-imagens-(lazy

commit 6a90663
Author: Lucas Ferreira <lucas.ferreira@empresa.com>
Date:   Sun Feb 16 07:08:29 2025 -0300

    style(dashboard): ajusta espaçamento e tipografia da interface
    Merge pull request #268 from lucasferreira/style/ajusta-espacamento-e-tipografia-da

commit a9ceb98
Author: Diego Castro <diego.castro@empresa.com>
Date:   Sun Feb 16 13:20:20 2025 -0300

    refactor(billing): migra chamadas de API para hooks customizados
    Merge pull request #269 from diegocastro/refactor/migra-chamadas-de-api-para

commit 6bad174
Author: Diego Castro <diego.castro@empresa.com>
Date:   Sun Feb 16 19:32:11 2025 -0300

    fix(reports): corrige ordenação incorreta na busca
    Merge pull request #270 from diegocastro/fix/corrige-ordenacao-incorreta-na-busca

commit 6a7c7fa
Author: Patricia Gomes <patricia.gomes@empresa.com>
Date:   Mon Feb 17 01:44:02 2025 -0300

    security(auth): implementa rate limiting na API pública
    Merge pull request #271 from patriciagomes/security/implementa-rate-limiting-na-api

commit b54f511
Author: Diego Castro <diego.castro@empresa.com>
Date:   Mon Feb 17 07:55:52 2025 -0300

    perf(auth): reduz tamanho do bundle JavaScript
    Merge pull request #272 from diegocastro/perf/reduz-tamanho-do-bundle-javascript

commit 472406e
Author: Rafael Nunes <rafael.nunes@empresa.com>
Date:   Mon Feb 17 14:07:43 2025 -0300

    feat(search): implementa autenticação via OAuth2
    Merge pull request #273 from rafaelnunes/feat/implementa-autenticacao-via-oauth2

commit 0d00890
Author: Lucas Ferreira <lucas.ferreira@empresa.com>
Date:   Mon Feb 17 20:19:34 2025 -0300

    perf(core): reduz tamanho do bundle JavaScript
    Merge pull request #274 from lucasferreira/perf/reduz-tamanho-do-bundle-javascript

commit 34768b8
Author: Eduardo Pires <eduardo.pires@empresa.com>
Date:   Tue Feb 18 02:31:24 2025 -0300

    security(checkout): atualiza dependência com CVE crítico
    Merge pull request #275 from eduardopires/security/atualiza-dependencia-com-cve-critico

commit 779212c
Author: Rafael Nunes <rafael.nunes@empresa.com>
Date:   Tue Feb 18 08:43:15 2025 -0300

    security(admin-panel): corrige exposição de dados em endpoint de debug
    Merge pull request #276 from rafaelnunes/security/corrige-exposicao-de-dados-em

commit 52fda31
Author: Patricia Gomes <patricia.gomes@empresa.com>
Date:   Tue Feb 18 14:55:06 2025 -0300

    feat(public-api): implementa autenticação via OAuth2
    Merge pull request #277 from patriciagomes/feat/implementa-autenticacao-via-oauth2

commit 2815a06
Author: Eduardo Pires <eduardo.pires@empresa.com>
Date:   Tue Feb 18 21:06:57 2025 -0300

    perf(core): otimiza carregamento de imagens (lazy loading)
    Merge pull request #278 from eduardopires/perf/otimiza-carregamento-de-imagens-(lazy

commit 7cac42b
Author: Eduardo Pires <eduardo.pires@empresa.com>
Date:   Wed Feb 19 03:18:47 2025 -0300

    fix(auth): corrige erro 500 ao gerar relatório mensal
    Merge pull request #279 from eduardopires/fix/corrige-erro-500-ao-gerar

commit ca08ef7
Author: Fernanda Lima <fernanda.lima@empresa.com>
Date:   Wed Feb 19 09:30:38 2025 -0300

    fix(admin-panel): resolve lentidão na listagem de produtos
    Merge pull request #280 from fernandalima/fix/resolve-lentidao-na-listagem-de

tag: v2.3.4
Tagger: Vinicius Teixeira <vinicius.teixeira@empresa.com>
Date:   Wed Feb 19 15:42:29 2025 -0300

    Release v2.3.4
    PRs incluídos: #275, #276, #277, #278, #279, #280

commit 2284c4c
Author: Fernanda Lima <fernanda.lima@empresa.com>
Date:   Wed Feb 19 21:54:20 2025 -0300

    test(public-api): aumenta cobertura de testes do módulo de usuários
    Merge pull request #281 from fernandalima/test/aumenta-cobertura-de-testes-do

commit b83425d
Author: Rafael Nunes <rafael.nunes@empresa.com>
Date:   Thu Feb 20 04:06:10 2025 -0300

    feat(dashboard): implementa upload de arquivos em lote
    Merge pull request #282 from rafaelnunes/feat/implementa-upload-de-arquivos-em

commit 2b2ac09
Author: Patricia Gomes <patricia.gomes@empresa.com>
Date:   Thu Feb 20 10:18:01 2025 -0300

    security(core): corrige vulnerabilidade de XSS no formulário de contato
    Merge pull request #283 from patriciagomes/security/corrige-vulnerabilidade-de-xss-no

commit c54898f
Author: Rafael Nunes <rafael.nunes@empresa.com>
Date:   Thu Feb 20 16:29:52 2025 -0300

    refactor(webhooks): extrai serviço de notificações para módulo próprio
    Merge pull request #284 from rafaelnunes/refactor/extrai-servico-de-notificacoes-para

commit f2b87f6
Author: Carla Mendes <carla.mendes@empresa.com>
Date:   Thu Feb 20 22:41:43 2025 -0300

    test(notifications): adiciona testes unitários para serviço de notificações
    Merge pull request #285 from carlamendes/test/adiciona-testes-unitarios-para-servico

commit caead49
Author: Carla Mendes <carla.mendes@empresa.com>
Date:   Fri Feb 21 04:53:33 2025 -0300

    feat(reports): adiciona exportação de dados em PDF
    Merge pull request #286 from carlamendes/feat/adiciona-exportacao-de-dados-em

commit ca9f7ac
Author: Eduardo Pires <eduardo.pires@empresa.com>
Date:   Fri Feb 21 11:05:24 2025 -0300

    perf(auth): otimiza carregamento de imagens (lazy loading)
    Merge pull request #287 from eduardopires/perf/otimiza-carregamento-de-imagens-(lazy

commit 50e6e92
Author: Fernanda Lima <fernanda.lima@empresa.com>
Date:   Fri Feb 21 17:17:15 2025 -0300

    fix(billing): resolve falha de conexão com banco em produção
    Merge pull request #288 from fernandalima/fix/resolve-falha-de-conexao-com

commit 9784dc2
Author: Fernanda Lima <fernanda.lima@empresa.com>
Date:   Fri Feb 21 23:29:05 2025 -0300

    perf(webhooks): reduz tempo de build do frontend
    Merge pull request #289 from fernandalima/perf/reduz-tempo-de-build-do

commit d1b237b
Author: Diego Castro <diego.castro@empresa.com>
Date:   Sat Feb 22 05:40:56 2025 -0300

    security(mobile-api): adiciona validação contra SQL injection
    Merge pull request #290 from diegocastro/security/adiciona-validacao-contra-sql-injection

commit 303877e
Author: Lucas Ferreira <lucas.ferreira@empresa.com>
Date:   Sat Feb 22 11:52:47 2025 -0300

    security(search): implementa rate limiting na API pública
    Merge pull request #291 from lucasferreira/security/implementa-rate-limiting-na-api

commit 0f39d23
Author: Diego Castro <diego.castro@empresa.com>
Date:   Sat Feb 22 18:04:38 2025 -0300

    style(reports): ajusta espaçamento e tipografia da interface
    Merge pull request #292 from diegocastro/style/ajusta-espacamento-e-tipografia-da

commit 6fbf3ee
Author: Carla Mendes <carla.mendes@empresa.com>
Date:   Sun Feb 23 00:16:28 2025 -0300

    test(dashboard): adiciona testes end-to-end para fluxo de compra
    Merge pull request #293 from carlamendes/test/adiciona-testes-end-to-end-para-fluxo

commit 35755ad
Author: Juliana Ramos <juliana.ramos@empresa.com>
Date:   Sun Feb 23 06:28:19 2025 -0300

    fix(reports): corrige timeout na chamada de API de pagamentos
    Merge pull request #294 from julianaramos/fix/corrige-timeout-na-chamada-de

commit dc06edc
Author: Fernanda Lima <fernanda.lima@empresa.com>
Date:   Sun Feb 23 12:40:10 2025 -0300

    chore(webhooks): remove código legado não utilizado
    Merge pull request #295 from fernandalima/chore/remove-codigo-legado-nao-utilizado

commit 35ba6e3
Author: Bruno Alves <bruno.alves@empresa.com>
Date:   Sun Feb 23 18:52:01 2025 -0300

    test(admin-panel): adiciona testes de integração para módulo de checkout
    Merge pull request #296 from brunoalves/test/adiciona-testes-de-integracao-para

commit c3bbe59
Author: Diego Castro <diego.castro@empresa.com>
Date:   Mon Feb 24 01:03:51 2025 -0300

    docs(search): adiciona exemplos de uso da API pública
    Merge pull request #297 from diegocastro/docs/adiciona-exemplos-de-uso-da

commit 7935b4c
Author: Rafael Nunes <rafael.nunes@empresa.com>
Date:   Mon Feb 24 07:15:42 2025 -0300

    chore(checkout): atualiza biblioteca de testes
    Merge pull request #298 from rafaelnunes/chore/atualiza-biblioteca-de-testes

commit f55f945
Author: Carla Mendes <carla.mendes@empresa.com>
Date:   Mon Feb 24 13:27:33 2025 -0300

    security(auth): corrige exposição de dados em endpoint de debug
    Merge pull request #299 from carlamendes/security/corrige-exposicao-de-dados-em

commit f46cfdf
Author: Diego Castro <diego.castro@empresa.com>
Date:   Mon Feb 24 19:39:23 2025 -0300

    feat(core): implementa paginação infinita na listagem
    Merge pull request #300 from diegocastro/feat/implementa-paginacao-infinita-na-listagem

tag: v2.3.5
Tagger: Vinicius Teixeira <vinicius.teixeira@empresa.com>
Date:   Tue Feb 25 01:51:14 2025 -0300

    Release v2.3.5
    PRs incluídos: #295, #296, #297, #298, #299, #300

commit 95ef338
Author: Bruno Alves <bruno.alves@empresa.com>
Date:   Tue Feb 25 08:03:05 2025 -0300

    feat(billing): adiciona integração com gateway de pagamento
    Merge pull request #301 from brunoalves/feat/adiciona-integracao-com-gateway-de

commit 6d3791e
Author: Thiago Rocha <thiago.rocha@empresa.com>
Date:   Tue Feb 25 14:14:56 2025 -0300

    feat(mobile-api): adiciona modo offline com sincronização
    Merge pull request #302 from thiagorocha/feat/adiciona-modo-offline-com-sincronizacao

commit bd54661
Author: Rafael Nunes <rafael.nunes@empresa.com>
Date:   Tue Feb 25 20:26:46 2025 -0300

    fix(billing): corrige duplicidade de registros na sincronização
    Merge pull request #303 from rafaelnunes/fix/corrige-duplicidade-de-registros-na

commit 99834d1
Author: Patricia Gomes <patricia.gomes@empresa.com>
Date:   Wed Feb 26 02:38:37 2025 -0300

    style(reports): ajusta espaçamento e tipografia da interface
    Merge pull request #304 from patriciagomes/style/ajusta-espacamento-e-tipografia-da

commit a7cf48d
Author: Camila Duarte <camila.duarte@empresa.com>
Date:   Wed Feb 26 08:50:28 2025 -0300

    chore(auth): atualiza versão do runtime do Node.js
    Merge pull request #305 from camiladuarte/chore/atualiza-versao-do-runtime-do

commit 8befa02
Author: Rafael Nunes <rafael.nunes@empresa.com>
Date:   Wed Feb 26 15:02:19 2025 -0300

    fix(mobile-api): resolve falha no reenvio de e-mails de confirmação
    Merge pull request #306 from rafaelnunes/fix/resolve-falha-no-reenvio-de

commit c6d6f8a
Author: Camila Duarte <camila.duarte@empresa.com>
Date:   Wed Feb 26 21:14:09 2025 -0300

    docs(mobile-api): atualiza documentação da API no README
    Merge pull request #307 from camiladuarte/docs/atualiza-documentacao-da-api-no

commit a113e03
Author: Thiago Rocha <thiago.rocha@empresa.com>
Date:   Thu Feb 27 03:26:00 2025 -0300

    chore(dashboard): padroniza formatação com Prettier/ESLint
    Merge pull request #308 from thiagorocha/chore/padroniza-formatacao-com-prettier/eslint

commit 49582b8
Author: Diego Castro <diego.castro@empresa.com>
Date:   Thu Feb 27 09:37:51 2025 -0300

    feat(billing): implementa autenticação de dois fatores
    Merge pull request #309 from diegocastro/feat/implementa-autenticacao-de-dois-fatores

commit 97d2306
Author: Camila Duarte <camila.duarte@empresa.com>
Date:   Thu Feb 27 15:49:41 2025 -0300

    chore(search): atualiza dependências do projeto
    Merge pull request #310 from camiladuarte/chore/atualiza-dependencias-do-projeto

commit 0a3d4f2
Author: Carla Mendes <carla.mendes@empresa.com>
Date:   Thu Feb 27 22:01:32 2025 -0300

    refactor(core): desacopla módulo de pagamentos do core
    Merge pull request #311 from carlamendes/refactor/desacopla-modulo-de-pagamentos-do

tag: v2.4.0
Tagger: Renata Bastos <renata.bastos@empresa.com>
Date:   Fri Feb 28 04:13:23 2025 -0300

    Release v2.4.0
    PRs incluídos: #306, #307, #308, #309, #310, #311

commit 4205eb6
Author: Thiago Rocha <thiago.rocha@empresa.com>
Date:   Fri Feb 28 10:25:14 2025 -0300

    chore(auth): configura análise estática de código
    Merge pull request #312 from thiagorocha/chore/configura-analise-estatica-de-codigo

commit 343cbda
Author: Carla Mendes <carla.mendes@empresa.com>
Date:   Fri Feb 28 16:37:04 2025 -0300

    perf(checkout): reduz tempo de build do frontend
    Merge pull request #313 from carlamendes/perf/reduz-tempo-de-build-do

commit 90966c9
Author: Bruno Alves <bruno.alves@empresa.com>
Date:   Fri Feb 28 22:48:55 2025 -0300

    fix(mobile-api): corrige duplicidade de registros na sincronização
    Merge pull request #314 from brunoalves/fix/corrige-duplicidade-de-registros-na

commit f20ba4c
Author: Bruno Alves <bruno.alves@empresa.com>
Date:   Sat Mar 1 05:00:46 2025 -0300

    security(billing): corrige vulnerabilidade de XSS no formulário de contato
    Merge pull request #315 from brunoalves/security/corrige-vulnerabilidade-de-xss-no

commit 5f20208
Author: Lucas Ferreira <lucas.ferreira@empresa.com>
Date:   Sat Mar 1 11:12:37 2025 -0300

    docs(webhooks): adiciona exemplos de uso da API pública
    Merge pull request #316 from lucasferreira/docs/adiciona-exemplos-de-uso-da

commit ddc2482
Author: Marina Souza <marina.souza@empresa.com>
Date:   Sat Mar 1 17:24:27 2025 -0300

    style(webhooks): padroniza ícones do menu lateral
    Merge pull request #317 from marinasouza/style/padroniza-icones-do-menu-lateral

commit c29d717
Author: Patricia Gomes <patricia.gomes@empresa.com>
Date:   Sat Mar 1 23:36:18 2025 -0300

    chore(reports): limpa dependências não utilizadas
    Merge pull request #318 from patriciagomes/chore/limpa-dependencias-nao-utilizadas

commit 1953040
Author: Fernanda Lima <fernanda.lima@empresa.com>
Date:   Sun Mar 2 05:48:09 2025 -0300

    perf(admin-panel): otimiza indexação de busca full-text
    Merge pull request #319 from fernandalima/perf/otimiza-indexacao-de-busca-full-text

commit 5b4830a
Author: Thiago Rocha <thiago.rocha@empresa.com>
Date:   Sun Mar 2 12:00:00 2025 -0300

    style(notifications): ajusta paleta de cores para acessibilidade
    Merge pull request #320 from thiagorocha/style/ajusta-paleta-de-cores-para

commit 2feb1f5
Author: Juliana Ramos <juliana.ramos@empresa.com>
Date:   Sun Mar 2 18:11:50 2025 -0300

    fix(public-api): resolve falha de autenticação após expiração de token
    Merge pull request #321 from julianaramos/fix/resolve-falha-de-autenticacao-apos

commit 01071fb
Author: Juliana Ramos <juliana.ramos@empresa.com>
Date:   Mon Mar 3 00:23:41 2025 -0300

    fix(public-api): corrige duplicidade de registros na sincronização
    Merge pull request #322 from julianaramos/fix/corrige-duplicidade-de-registros-na

tag: v2.4.1
Tagger: Renata Bastos <renata.bastos@empresa.com>
Date:   Mon Mar 3 06:35:32 2025 -0300

    Release v2.4.1
    PRs incluídos: #317, #318, #319, #320, #321, #322

commit 7da82b3
Author: Eduardo Pires <eduardo.pires@empresa.com>
Date:   Mon Mar 3 12:47:22 2025 -0300

    security(reports): atualiza dependência com CVE crítico
    Merge pull request #323 from eduardopires/security/atualiza-dependencia-com-cve-critico

commit 2e99a2e
Author: Marina Souza <marina.souza@empresa.com>
Date:   Mon Mar 3 18:59:13 2025 -0300

    refactor(search): reorganiza estrutura de pastas do backend
    Merge pull request #324 from marinasouza/refactor/reorganiza-estrutura-de-pastas-do

commit ebf6740
Author: Bruno Alves <bruno.alves@empresa.com>
Date:   Tue Mar 4 01:11:04 2025 -0300

    test(billing): corrige testes instáveis (flaky tests) na suíte de CI
    Merge pull request #325 from brunoalves/test/corrige-testes-instaveis-(flaky-tests)

commit 0c9367d
Author: Bruno Alves <bruno.alves@empresa.com>
Date:   Tue Mar 4 07:22:55 2025 -0300

    docs(reports): atualiza documentação da API no README
    Merge pull request #326 from brunoalves/docs/atualiza-documentacao-da-api-no

commit dbe234c
Author: Carla Mendes <carla.mendes@empresa.com>
Date:   Tue Mar 4 13:34:45 2025 -0300

    fix(billing): resolve vazamento de memória no worker de filas
    Merge pull request #327 from carlamendes/fix/resolve-vazamento-de-memoria-no

commit 98acaae
Author: Lucas Ferreira <lucas.ferreira@empresa.com>
Date:   Tue Mar 4 19:46:36 2025 -0300

    security(billing): atualiza dependência com CVE crítico
    Merge pull request #328 from lucasferreira/security/atualiza-dependencia-com-cve-critico

commit 435eead
Author: Rafael Nunes <rafael.nunes@empresa.com>
Date:   Wed Mar 5 01:58:27 2025 -0300

    chore(checkout): padroniza formatação com Prettier/ESLint
    Merge pull request #329 from rafaelnunes/chore/padroniza-formatacao-com-prettier/eslint

commit 8325916
Author: Thiago Rocha <thiago.rocha@empresa.com>
Date:   Wed Mar 5 08:10:18 2025 -0300

    perf(dashboard): otimiza carregamento de imagens (lazy loading)
    Merge pull request #330 from thiagorocha/perf/otimiza-carregamento-de-imagens-(lazy

commit c19850c
Author: Thiago Rocha <thiago.rocha@empresa.com>
Date:   Wed Mar 5 14:22:08 2025 -0300

    fix(reports): corrige duplicidade de registros na sincronização
    Merge pull request #331 from thiagorocha/fix/corrige-duplicidade-de-registros-na

commit 3430174
Author: Patricia Gomes <patricia.gomes@empresa.com>
Date:   Wed Mar 5 20:33:59 2025 -0300

    refactor(dashboard): simplifica lógica de validação de formulários
    Merge pull request #332 from patriciagomes/refactor/simplifica-logica-de-validacao-de

tag: v2.4.2
Tagger: Vinicius Teixeira <vinicius.teixeira@empresa.com>
Date:   Thu Mar 6 02:45:50 2025 -0300

    Release v2.4.2
    PRs incluídos: #327, #328, #329, #330, #331, #332

commit 26e42a3
Author: Lucas Ferreira <lucas.ferreira@empresa.com>
Date:   Thu Mar 6 08:57:40 2025 -0300

    test(core): adiciona testes de integração para módulo de checkout
    Merge pull request #333 from lucasferreira/test/adiciona-testes-de-integracao-para

commit 0cd5b65
Author: Marina Souza <marina.souza@empresa.com>
Date:   Thu Mar 6 15:09:31 2025 -0300

    security(dashboard): corrige exposição de dados em endpoint de debug
    Merge pull request #334 from marinasouza/security/corrige-exposicao-de-dados-em

commit 79fdf12
Author: Diego Castro <diego.castro@empresa.com>
Date:   Thu Mar 6 21:21:22 2025 -0300

    feat(admin-panel): implementa importação de dados via planilha
    Merge pull request #335 from diegocastro/feat/implementa-importacao-de-dados-via

commit 0cbffba
Author: Carla Mendes <carla.mendes@empresa.com>
Date:   Fri Mar 7 03:33:13 2025 -0300

    refactor(webhooks): refatora camada de acesso a dados
    Merge pull request #336 from carlamendes/refactor/refatora-camada-de-acesso-a

commit 081fb75
Author: Carla Mendes <carla.mendes@empresa.com>
Date:   Fri Mar 7 09:45:03 2025 -0300

    docs(billing): adiciona exemplos de uso da API pública
    Merge pull request #337 from carlamendes/docs/adiciona-exemplos-de-uso-da

commit 17cb557
Author: Camila Duarte <camila.duarte@empresa.com>
Date:   Fri Mar 7 15:56:54 2025 -0300

    test(public-api): corrige testes instáveis (flaky tests) na suíte de CI
    Merge pull request #338 from camiladuarte/test/corrige-testes-instaveis-(flaky-tests)

commit 46f95f1
Author: Eduardo Pires <eduardo.pires@empresa.com>
Date:   Fri Mar 7 22:08:45 2025 -0300

    feat(admin-panel): implementa paginação infinita na listagem
    Merge pull request #339 from eduardopires/feat/implementa-paginacao-infinita-na-listagem

commit f0a64a5
Author: Bruno Alves <bruno.alves@empresa.com>
Date:   Sat Mar 8 04:20:36 2025 -0300

    refactor(mobile-api): reorganiza estrutura de pastas do backend
    Merge pull request #340 from brunoalves/refactor/reorganiza-estrutura-de-pastas-do

commit 43b2bc3
Author: Thiago Rocha <thiago.rocha@empresa.com>
Date:   Sat Mar 8 10:32:26 2025 -0300

    feat(admin-panel): adiciona modo escuro na interface
    Merge pull request #341 from thiagorocha/feat/adiciona-modo-escuro-na-interface

commit fa5b75c
Author: Thiago Rocha <thiago.rocha@empresa.com>
Date:   Sat Mar 8 16:44:17 2025 -0300

    chore(webhooks): configura análise estática de código
    Merge pull request #342 from thiagorocha/chore/configura-analise-estatica-de-codigo

commit 0c15a73
Author: Eduardo Pires <eduardo.pires@empresa.com>
Date:   Sat Mar 8 22:56:08 2025 -0300

    chore(public-api): remove código legado não utilizado
    Merge pull request #343 from eduardopires/chore/remove-codigo-legado-nao-utilizado

commit 52ae086
Author: Thiago Rocha <thiago.rocha@empresa.com>
Date:   Sun Mar 9 05:07:58 2025 -0300

    refactor(reports): reduz complexidade do componente de checkout
    Merge pull request #344 from thiagorocha/refactor/reduz-complexidade-do-componente-de

commit 01ced5d
Author: Rafael Nunes <rafael.nunes@empresa.com>
Date:   Sun Mar 9 11:19:49 2025 -0300

    test(public-api): adiciona testes de integração para módulo de checkout
    Merge pull request #345 from rafaelnunes/test/adiciona-testes-de-integracao-para

commit f75e219
Author: Fernanda Lima <fernanda.lima@empresa.com>
Date:   Sun Mar 9 17:31:40 2025 -0300

    style(checkout): padroniza ícones do menu lateral
    Merge pull request #346 from fernandalima/style/padroniza-icones-do-menu-lateral

commit c522af0
Author: Juliana Ramos <juliana.ramos@empresa.com>
Date:   Sun Mar 9 23:43:31 2025 -0300

    fix(auth): resolve lentidão na listagem de produtos
    Merge pull request #347 from julianaramos/fix/resolve-lentidao-na-listagem-de

commit 3a66d89
Author: Carla Mendes <carla.mendes@empresa.com>
Date:   Mon Mar 10 05:55:21 2025 -0300

    security(core): atualiza dependência com CVE crítico
    Merge pull request #348 from carlamendes/security/atualiza-dependencia-com-cve-critico

commit f41b0d2
Author: Rafael Nunes <rafael.nunes@empresa.com>
Date:   Mon Mar 10 12:07:12 2025 -0300

    security(mobile-api): adiciona validação contra SQL injection
    Merge pull request #349 from rafaelnunes/security/adiciona-validacao-contra-sql-injection

commit 06592f3
Author: Camila Duarte <camila.duarte@empresa.com>
Date:   Mon Mar 10 18:19:03 2025 -0300

    perf(checkout): reduz tempo de build do frontend
    Merge pull request #350 from camiladuarte/perf/reduz-tempo-de-build-do

commit c5bcb5e
Author: Fernanda Lima <fernanda.lima@empresa.com>
Date:   Tue Mar 11 00:30:54 2025 -0300

    perf(checkout): otimiza carregamento de imagens (lazy loading)
    Merge pull request #351 from fernandalima/perf/otimiza-carregamento-de-imagens-(lazy

commit 1432bd7
Author: Diego Castro <diego.castro@empresa.com>
Date:   Tue Mar 11 06:42:44 2025 -0300

    test(notifications): aumenta cobertura de testes do módulo de usuários
    Merge pull request #352 from diegocastro/test/aumenta-cobertura-de-testes-do

tag: v2.5.0
Tagger: Vinicius Teixeira <vinicius.teixeira@empresa.com>
Date:   Tue Mar 11 12:54:35 2025 -0300

    Release v2.5.0
    PRs incluídos: #347, #348, #349, #350, #351, #352

commit 2c143e5
Author: Diego Castro <diego.castro@empresa.com>
Date:   Tue Mar 11 19:06:26 2025 -0300

    refactor(notifications): desacopla módulo de pagamentos do core
    Merge pull request #353 from diegocastro/refactor/desacopla-modulo-de-pagamentos-do

commit d648a22
Author: Bruno Alves <bruno.alves@empresa.com>
Date:   Wed Mar 12 01:18:16 2025 -0300

    feat(checkout): implementa autenticação de dois fatores
    Merge pull request #354 from brunoalves/feat/implementa-autenticacao-de-dois-fatores

commit e0d3d44
Author: Fernanda Lima <fernanda.lima@empresa.com>
Date:   Wed Mar 12 07:30:07 2025 -0300

    docs(mobile-api): documenta processo de deploy
    Merge pull request #355 from fernandalima/docs/documenta-processo-de-deploy

commit 9bd8cff
Author: Lucas Ferreira <lucas.ferreira@empresa.com>
Date:   Wed Mar 12 13:41:58 2025 -0300

    fix(checkout): resolve falha de conexão com banco em produção
    Merge pull request #356 from lucasferreira/fix/resolve-falha-de-conexao-com

commit c1ca71f
Author: Juliana Ramos <juliana.ramos@empresa.com>
Date:   Wed Mar 12 19:53:49 2025 -0300

    chore(admin-panel): padroniza formatação com Prettier/ESLint
    Merge pull request #357 from julianaramos/chore/padroniza-formatacao-com-prettier/eslint

commit 8f3749e
Author: Thiago Rocha <thiago.rocha@empresa.com>
Date:   Thu Mar 13 02:05:39 2025 -0300

    docs(notifications): documenta processo de deploy
    Merge pull request #358 from thiagorocha/docs/documenta-processo-de-deploy

commit 26e6dfb
Author: Thiago Rocha <thiago.rocha@empresa.com>
Date:   Thu Mar 13 08:17:30 2025 -0300

    security(webhooks): adiciona validação contra SQL injection
    Merge pull request #359 from thiagorocha/security/adiciona-validacao-contra-sql-injection

commit c405661
Author: Patricia Gomes <patricia.gomes@empresa.com>
Date:   Thu Mar 13 14:29:21 2025 -0300

    fix(public-api): corrige erro 500 ao gerar relatório mensal
    Merge pull request #360 from patriciagomes/fix/corrige-erro-500-ao-gerar

commit bec307b
Author: Diego Castro <diego.castro@empresa.com>
Date:   Thu Mar 13 20:41:12 2025 -0300

    docs(notifications): adiciona guia de contribuição
    Merge pull request #361 from diegocastro/docs/adiciona-guia-de-contribuicao

commit bb58290
Author: Diego Castro <diego.castro@empresa.com>
Date:   Fri Mar 14 02:53:02 2025 -0300

    perf(mobile-api): otimiza indexação de busca full-text
    Merge pull request #362 from diegocastro/perf/otimiza-indexacao-de-busca-full-text

commit 768d00f
Author: Carla Mendes <carla.mendes@empresa.com>
Date:   Fri Mar 14 09:04:53 2025 -0300

    refactor(webhooks): refatora camada de acesso a dados
    Merge pull request #363 from carlamendes/refactor/refatora-camada-de-acesso-a

commit 98dcbe8
Author: Carla Mendes <carla.mendes@empresa.com>
Date:   Fri Mar 14 15:16:44 2025 -0300

    feat(notifications): implementa busca com filtros avançados
    Merge pull request #364 from carlamendes/feat/implementa-busca-com-filtros-avancados

commit 30b993f
Author: Juliana Ramos <juliana.ramos@empresa.com>
Date:   Fri Mar 14 21:28:35 2025 -0300

    style(search): ajusta paleta de cores para acessibilidade
    Merge pull request #365 from julianaramos/style/ajusta-paleta-de-cores-para

commit 96471ca
Author: Juliana Ramos <juliana.ramos@empresa.com>
Date:   Sat Mar 15 03:40:25 2025 -0300

    docs(notifications): documenta processo de deploy
    Merge pull request #366 from julianaramos/docs/documenta-processo-de-deploy

commit dcc16a7
Author: Eduardo Pires <eduardo.pires@empresa.com>
Date:   Sat Mar 15 09:52:16 2025 -0300

    perf(notifications): otimiza carregamento de imagens (lazy loading)
    Merge pull request #367 from eduardopires/perf/otimiza-carregamento-de-imagens-(lazy

commit 5593f48
Author: Camila Duarte <camila.duarte@empresa.com>
Date:   Sat Mar 15 16:04:07 2025 -0300

    docs(notifications): adiciona exemplos de uso da API pública
    Merge pull request #368 from camiladuarte/docs/adiciona-exemplos-de-uso-da

tag: v2.6.0
Tagger: Aline Correia <aline.correia@empresa.com>
Date:   Sat Mar 15 22:15:57 2025 -0300

    Release v2.6.0
    PRs incluídos: #363, #364, #365, #366, #367, #368

commit 79dab89
Author: Thiago Rocha <thiago.rocha@empresa.com>
Date:   Sun Mar 16 04:27:48 2025 -0300

    fix(reports): corrige duplicidade de registros na sincronização
    Merge pull request #369 from thiagorocha/fix/corrige-duplicidade-de-registros-na

commit 2f63c9d
Author: Rafael Nunes <rafael.nunes@empresa.com>
Date:   Sun Mar 16 10:39:39 2025 -0300

    feat(admin-panel): adiciona API pública versionada
    Merge pull request #370 from rafaelnunes/feat/adiciona-api-publica-versionada

commit e4a52fa
Author: Carla Mendes <carla.mendes@empresa.com>
Date:   Sun Mar 16 16:51:30 2025 -0300

    refactor(search): reduz complexidade do componente de checkout
    Merge pull request #371 from carlamendes/refactor/reduz-complexidade-do-componente-de

commit 8655f24
Author: Thiago Rocha <thiago.rocha@empresa.com>
Date:   Sun Mar 16 23:03:20 2025 -0300

    feat(dashboard): implementa autenticação via OAuth2
    Merge pull request #372 from thiagorocha/feat/implementa-autenticacao-via-oauth2

commit c016b0a
Author: Camila Duarte <camila.duarte@empresa.com>
Date:   Mon Mar 17 05:15:11 2025 -0300

    security(dashboard): corrige exposição de dados em endpoint de debug
    Merge pull request #373 from camiladuarte/security/corrige-exposicao-de-dados-em

commit 77b943c
Author: Patricia Gomes <patricia.gomes@empresa.com>
Date:   Mon Mar 17 11:27:02 2025 -0300

    feat(webhooks): implementa autenticação via OAuth2
    Merge pull request #374 from patriciagomes/feat/implementa-autenticacao-via-oauth2

commit 9ead4af
Author: Juliana Ramos <juliana.ramos@empresa.com>
Date:   Mon Mar 17 17:38:53 2025 -0300

    fix(notifications): resolve vazamento de memória no worker de filas
    Merge pull request #375 from julianaramos/fix/resolve-vazamento-de-memoria-no

commit 746053b
Author: Bruno Alves <bruno.alves@empresa.com>
Date:   Mon Mar 17 23:50:43 2025 -0300

    security(billing): corrige vulnerabilidade de XSS no formulário de contato
    Merge pull request #376 from brunoalves/security/corrige-vulnerabilidade-de-xss-no

commit 113013d
Author: Marina Souza <marina.souza@empresa.com>
Date:   Tue Mar 18 06:02:34 2025 -0300

    test(admin-panel): corrige testes instáveis (flaky tests) na suíte de CI
    Merge pull request #377 from marinasouza/test/corrige-testes-instaveis-(flaky-tests)

commit 4609d38
Author: Rafael Nunes <rafael.nunes@empresa.com>
Date:   Tue Mar 18 12:14:25 2025 -0300

    test(public-api): adiciona testes unitários para serviço de notificações
    Merge pull request #378 from rafaelnunes/test/adiciona-testes-unitarios-para-servico

commit 3933f66
Author: Eduardo Pires <eduardo.pires@empresa.com>
Date:   Tue Mar 18 18:26:15 2025 -0300

    security(mobile-api): corrige vulnerabilidade de XSS no formulário de contato
    Merge pull request #379 from eduardopires/security/corrige-vulnerabilidade-de-xss-no

commit 51f6fa7
Author: Patricia Gomes <patricia.gomes@empresa.com>
Date:   Wed Mar 19 00:38:06 2025 -0300

    docs(notifications): atualiza changelog do projeto
    Merge pull request #380 from patriciagomes/docs/atualiza-changelog-do-projeto

tag: v2.6.1
Tagger: Aline Correia <aline.correia@empresa.com>
Date:   Wed Mar 19 06:49:57 2025 -0300

    Release v2.6.1
    PRs incluídos: #375, #376, #377, #378, #379, #380

commit 2387e98
Author: Camila Duarte <camila.duarte@empresa.com>
Date:   Wed Mar 19 13:01:48 2025 -0300

    chore(mobile-api): migra pipeline de CI/CD para GitHub Actions
    Merge pull request #381 from camiladuarte/chore/migra-pipeline-de-ci/cd-para

commit ad33104
Author: Rafael Nunes <rafael.nunes@empresa.com>
Date:   Wed Mar 19 19:13:38 2025 -0300

    feat(reports): implementa upload de arquivos em lote
    Merge pull request #382 from rafaelnunes/feat/implementa-upload-de-arquivos-em

commit 82ba53c
Author: Carla Mendes <carla.mendes@empresa.com>
Date:   Thu Mar 20 01:25:29 2025 -0300

    docs(admin-panel): atualiza changelog do projeto
    Merge pull request #383 from carlamendes/docs/atualiza-changelog-do-projeto

commit 534153d
Author: Juliana Ramos <juliana.ramos@empresa.com>
Date:   Thu Mar 20 07:37:20 2025 -0300

    perf(webhooks): reduz tamanho do bundle JavaScript
    Merge pull request #384 from julianaramos/perf/reduz-tamanho-do-bundle-javascript

commit cb04ff3
Author: Lucas Ferreira <lucas.ferreira@empresa.com>
Date:   Thu Mar 20 13:49:11 2025 -0300

    perf(admin-panel): reduz tempo de build do frontend
    Merge pull request #385 from lucasferreira/perf/reduz-tempo-de-build-do

commit 7a3d7fb
Author: Marina Souza <marina.souza@empresa.com>
Date:   Thu Mar 20 20:01:01 2025 -0300

    test(core): adiciona testes end-to-end para fluxo de compra
    Merge pull request #386 from marinasouza/test/adiciona-testes-end-to-end-para-fluxo

commit 105ff52
Author: Camila Duarte <camila.duarte@empresa.com>
Date:   Fri Mar 21 02:12:52 2025 -0300

    chore(admin-panel): limpa dependências não utilizadas
    Merge pull request #387 from camiladuarte/chore/limpa-dependencias-nao-utilizadas

commit 7cc72ee
Author: Thiago Rocha <thiago.rocha@empresa.com>
Date:   Fri Mar 21 08:24:43 2025 -0300

    docs(core): documenta processo de deploy
    Merge pull request #388 from thiagorocha/docs/documenta-processo-de-deploy

commit 3f03cd1
Author: Diego Castro <diego.castro@empresa.com>
Date:   Fri Mar 21 14:36:33 2025 -0300

    perf(reports): reduz tamanho do bundle JavaScript
    Merge pull request #389 from diegocastro/perf/reduz-tamanho-do-bundle-javascript

commit 6eab17e
Author: Marina Souza <marina.souza@empresa.com>
Date:   Fri Mar 21 20:48:24 2025 -0300

    test(mobile-api): corrige testes instáveis (flaky tests) na suíte de CI
    Merge pull request #390 from marinasouza/test/corrige-testes-instaveis-(flaky-tests)

commit e3370ab
Author: Lucas Ferreira <lucas.ferreira@empresa.com>
Date:   Sat Mar 22 03:00:15 2025 -0300

    perf(public-api): otimiza carregamento de imagens (lazy loading)
    Merge pull request #391 from lucasferreira/perf/otimiza-carregamento-de-imagens-(lazy

tag: v2.6.2
Tagger: Vinicius Teixeira <vinicius.teixeira@empresa.com>
Date:   Sat Mar 22 09:12:06 2025 -0300

    Release v2.6.2
    PRs incluídos: #386, #387, #388, #389, #390, #391

commit d38663c
Author: Marina Souza <marina.souza@empresa.com>
Date:   Sat Mar 22 15:23:56 2025 -0300

    perf(public-api): reduz tempo de build do frontend
    Merge pull request #392 from marinasouza/perf/reduz-tempo-de-build-do

commit 3ee4f01
Author: Bruno Alves <bruno.alves@empresa.com>
Date:   Sat Mar 22 21:35:47 2025 -0300

    fix(core): corrige cálculo incorreto de impostos
    Merge pull request #393 from brunoalves/fix/corrige-calculo-incorreto-de-impostos

commit 543cacd
Author: Fernanda Lima <fernanda.lima@empresa.com>
Date:   Sun Mar 23 03:47:38 2025 -0300

    perf(auth): otimiza indexação de busca full-text
    Merge pull request #394 from fernandalima/perf/otimiza-indexacao-de-busca-full-text

commit 9e44d9a
Author: Eduardo Pires <eduardo.pires@empresa.com>
Date:   Sun Mar 23 09:59:29 2025 -0300

    test(reports): adiciona testes unitários para serviço de notificações
    Merge pull request #395 from eduardopires/test/adiciona-testes-unitarios-para-servico

commit 9b45a3b
Author: Patricia Gomes <patricia.gomes@empresa.com>
Date:   Sun Mar 23 16:11:19 2025 -0300

    refactor(billing): refatora camada de acesso a dados
    Merge pull request #396 from patriciagomes/refactor/refatora-camada-de-acesso-a

commit d030c41
Author: Lucas Ferreira <lucas.ferreira@empresa.com>
Date:   Sun Mar 23 22:23:10 2025 -0300

    security(notifications): adiciona validação contra SQL injection
    Merge pull request #397 from lucasferreira/security/adiciona-validacao-contra-sql-injection

commit 841961b
Author: Bruno Alves <bruno.alves@empresa.com>
Date:   Mon Mar 24 04:35:01 2025 -0300

    chore(webhooks): reorganiza arquivos de configuração
    Merge pull request #398 from brunoalves/chore/reorganiza-arquivos-de-configuracao

commit c791ccd
Author: Rafael Nunes <rafael.nunes@empresa.com>
Date:   Mon Mar 24 10:46:52 2025 -0300

    style(public-api): ajusta espaçamento e tipografia da interface
    Merge pull request #399 from rafaelnunes/style/ajusta-espacamento-e-tipografia-da

commit 86e7b66
Author: Thiago Rocha <thiago.rocha@empresa.com>
Date:   Mon Mar 24 16:58:42 2025 -0300

    feat(public-api): implementa autenticação via OAuth2
    Merge pull request #400 from thiagorocha/feat/implementa-autenticacao-via-oauth2

commit 3c1d884
Author: Carla Mendes <carla.mendes@empresa.com>
Date:   Mon Mar 24 23:10:33 2025 -0300

    fix(auth): resolve race condition no processamento de pedidos
    Merge pull request #401 from carlamendes/fix/resolve-race-condition-no-processamento

commit 414a19f
Author: Juliana Ramos <juliana.ramos@empresa.com>
Date:   Tue Mar 25 05:22:24 2025 -0300

    docs(public-api): atualiza changelog do projeto
    Merge pull request #402 from julianaramos/docs/atualiza-changelog-do-projeto

commit 7525dc2
Author: Patricia Gomes <patricia.gomes@empresa.com>
Date:   Tue Mar 25 11:34:14 2025 -0300

    fix(mobile-api): resolve lentidão na listagem de produtos
    Merge pull request #403 from patriciagomes/fix/resolve-lentidao-na-listagem-de

commit 96f03be
Author: Bruno Alves <bruno.alves@empresa.com>
Date:   Tue Mar 25 17:46:05 2025 -0300

    docs(reports): documenta processo de deploy
    Merge pull request #404 from brunoalves/docs/documenta-processo-de-deploy

commit ac3c890
Author: Camila Duarte <camila.duarte@empresa.com>
Date:   Tue Mar 25 23:57:56 2025 -0300

    refactor(webhooks): reorganiza estrutura de pastas do backend
    Merge pull request #405 from camiladuarte/refactor/reorganiza-estrutura-de-pastas-do

commit 196a235
Author: Thiago Rocha <thiago.rocha@empresa.com>
Date:   Wed Mar 26 06:09:47 2025 -0300

    style(dashboard): padroniza ícones do menu lateral
    Merge pull request #406 from thiagorocha/style/padroniza-icones-do-menu-lateral

tag: v2.6.3
Tagger: Aline Correia <aline.correia@empresa.com>
Date:   Wed Mar 26 12:21:37 2025 -0300

    Release v2.6.3
    PRs incluídos: #401, #402, #403, #404, #405, #406

commit d240ea1
Author: Camila Duarte <camila.duarte@empresa.com>
Date:   Wed Mar 26 18:33:28 2025 -0300

    security(billing): corrige vulnerabilidade de XSS no formulário de contato
    Merge pull request #407 from camiladuarte/security/corrige-vulnerabilidade-de-xss-no

commit 78dcecd
Author: Marina Souza <marina.souza@empresa.com>
Date:   Thu Mar 27 00:45:19 2025 -0300

    test(checkout): corrige testes instáveis (flaky tests) na suíte de CI
    Merge pull request #408 from marinasouza/test/corrige-testes-instaveis-(flaky-tests)

commit 212b399
Author: Fernanda Lima <fernanda.lima@empresa.com>
Date:   Thu Mar 27 06:57:10 2025 -0300

    fix(core): corrige exibição de dados sensíveis no log
    Merge pull request #409 from fernandalima/fix/corrige-exibicao-de-dados-sensiveis

commit 0f574c9
Author: Juliana Ramos <juliana.ramos@empresa.com>
Date:   Thu Mar 27 13:09:00 2025 -0300

    security(webhooks): corrige exposição de dados em endpoint de debug
    Merge pull request #410 from julianaramos/security/corrige-exposicao-de-dados-em

commit 4310c29
Author: Juliana Ramos <juliana.ramos@empresa.com>
Date:   Thu Mar 27 19:20:51 2025 -0300

    docs(mobile-api): atualiza documentação da API no README
    Merge pull request #411 from julianaramos/docs/atualiza-documentacao-da-api-no

commit 4557863
Author: Eduardo Pires <eduardo.pires@empresa.com>
Date:   Fri Mar 28 01:32:42 2025 -0300

    refactor(webhooks): migra chamadas de API para hooks customizados
    Merge pull request #412 from eduardopires/refactor/migra-chamadas-de-api-para

commit 292836f
Author: Lucas Ferreira <lucas.ferreira@empresa.com>
Date:   Fri Mar 28 07:44:32 2025 -0300

    style(webhooks): padroniza ícones do menu lateral
    Merge pull request #413 from lucasferreira/style/padroniza-icones-do-menu-lateral

commit 26afea9
Author: Carla Mendes <carla.mendes@empresa.com>
Date:   Fri Mar 28 13:56:23 2025 -0300

    refactor(notifications): simplifica lógica de validação de formulários
    Merge pull request #414 from carlamendes/refactor/simplifica-logica-de-validacao-de

commit 50a77d8
Author: Carla Mendes <carla.mendes@empresa.com>
Date:   Fri Mar 28 20:08:14 2025 -0300

    docs(search): documenta processo de deploy
    Merge pull request #415 from carlamendes/docs/documenta-processo-de-deploy

commit eb9f352
Author: Carla Mendes <carla.mendes@empresa.com>
Date:   Sat Mar 29 02:20:05 2025 -0300

    docs(dashboard): atualiza changelog do projeto
    Merge pull request #416 from carlamendes/docs/atualiza-changelog-do-projeto

commit 2200c61
Author: Carla Mendes <carla.mendes@empresa.com>
Date:   Sat Mar 29 08:31:55 2025 -0300

    refactor(public-api): unifica tratamento de erros da API
    Merge pull request #417 from carlamendes/refactor/unifica-tratamento-de-erros-da

tag: v2.7.0
Tagger: Aline Correia <aline.correia@empresa.com>
Date:   Sat Mar 29 14:43:46 2025 -0300

    Release v2.7.0
    PRs incluídos: #412, #413, #414, #415, #416, #417

commit 94e2cb0
Author: Carla Mendes <carla.mendes@empresa.com>
Date:   Sat Mar 29 20:55:37 2025 -0300

    security(admin-panel): atualiza dependência com CVE crítico
    Merge pull request #418 from carlamendes/security/atualiza-dependencia-com-cve-critico

commit e554fb1
Author: Lucas Ferreira <lucas.ferreira@empresa.com>
Date:   Sun Mar 30 03:07:28 2025 -0300

    chore(auth): limpa dependências não utilizadas
    Merge pull request #419 from lucasferreira/chore/limpa-dependencias-nao-utilizadas

commit 716bcfe
Author: Diego Castro <diego.castro@empresa.com>
Date:   Sun Mar 30 09:19:18 2025 -0300

    fix(reports): resolve falha de autenticação após expiração de token
    Merge pull request #420 from diegocastro/fix/resolve-falha-de-autenticacao-apos

commit 885ccb2
Author: Camila Duarte <camila.duarte@empresa.com>
Date:   Sun Mar 30 15:31:09 2025 -0300

    fix(webhooks): resolve conflito de merge automático no cron job
    Merge pull request #421 from camiladuarte/fix/resolve-conflito-de-merge-automatico

commit bff04e5
Author: Fernanda Lima <fernanda.lima@empresa.com>
Date:   Sun Mar 30 21:43:00 2025 -0300

    style(reports): padroniza ícones do menu lateral
    Merge pull request #422 from fernandalima/style/padroniza-icones-do-menu-lateral

commit 55b37da
Author: Patricia Gomes <patricia.gomes@empresa.com>
Date:   Mon Mar 31 03:54:50 2025 -0300

    test(auth): aumenta cobertura de testes do módulo de usuários
    Merge pull request #423 from patriciagomes/test/aumenta-cobertura-de-testes-do

commit 5d07145
Author: Diego Castro <diego.castro@empresa.com>
Date:   Mon Mar 31 10:06:41 2025 -0300

    perf(billing): reduz tamanho do bundle JavaScript
    Merge pull request #424 from diegocastro/perf/reduz-tamanho-do-bundle-javascript

commit 85c0926
Author: Patricia Gomes <patricia.gomes@empresa.com>
Date:   Mon Mar 31 16:18:32 2025 -0300

    chore(auth): atualiza dependências do projeto
    Merge pull request #425 from patriciagomes/chore/atualiza-dependencias-do-projeto

commit 4585ae2
Author: Diego Castro <diego.castro@empresa.com>
Date:   Mon Mar 31 22:30:23 2025 -0300

    chore(search): atualiza versão do runtime do Node.js
    Merge pull request #426 from diegocastro/chore/atualiza-versao-do-runtime-do

commit d435f13
Author: Fernanda Lima <fernanda.lima@empresa.com>
Date:   Tue Apr 1 04:42:13 2025 -0300

    fix(billing): corrige timeout na chamada de API de pagamentos
    Merge pull request #427 from fernandalima/fix/corrige-timeout-na-chamada-de

commit ddb1d7f
Author: Camila Duarte <camila.duarte@empresa.com>
Date:   Tue Apr 1 10:54:04 2025 -0300

    style(webhooks): ajusta espaçamento e tipografia da interface
    Merge pull request #428 from camiladuarte/style/ajusta-espacamento-e-tipografia-da

commit 8f729d8
Author: Fernanda Lima <fernanda.lima@empresa.com>
Date:   Tue Apr 1 17:05:55 2025 -0300

    fix(auth): corrige cálculo incorreto de impostos
    Merge pull request #429 from fernandalima/fix/corrige-calculo-incorreto-de-impostos

commit 0c6adb3
Author: Eduardo Pires <eduardo.pires@empresa.com>
Date:   Tue Apr 1 23:17:46 2025 -0300

    style(mobile-api): ajusta espaçamento e tipografia da interface
    Merge pull request #430 from eduardopires/style/ajusta-espacamento-e-tipografia-da

commit db8c6df
Author: Camila Duarte <camila.duarte@empresa.com>
Date:   Wed Apr 2 05:29:36 2025 -0300

    test(mobile-api): adiciona testes end-to-end para fluxo de compra
    Merge pull request #431 from camiladuarte/test/adiciona-testes-end-to-end-para-fluxo

commit bc437e5
Author: Patricia Gomes <patricia.gomes@empresa.com>
Date:   Wed Apr 2 11:41:27 2025 -0300

    perf(notifications): otimiza carregamento de imagens (lazy loading)
    Merge pull request #432 from patriciagomes/perf/otimiza-carregamento-de-imagens-(lazy

commit 15c024f
Author: Patricia Gomes <patricia.gomes@empresa.com>
Date:   Wed Apr 2 17:53:18 2025 -0300

    docs(admin-panel): adiciona exemplos de uso da API pública
    Merge pull request #433 from patriciagomes/docs/adiciona-exemplos-de-uso-da

commit 21cc915
Author: Rafael Nunes <rafael.nunes@empresa.com>
Date:   Thu Apr 3 00:05:09 2025 -0300

    test(reports): aumenta cobertura de testes do módulo de usuários
    Merge pull request #434 from rafaelnunes/test/aumenta-cobertura-de-testes-do

commit 1751b70
Author: Diego Castro <diego.castro@empresa.com>
Date:   Thu Apr 3 06:16:59 2025 -0300

    refactor(billing): unifica tratamento de erros da API
    Merge pull request #435 from diegocastro/refactor/unifica-tratamento-de-erros-da

tag: v2.8.0
Tagger: Vinicius Teixeira <vinicius.teixeira@empresa.com>
Date:   Thu Apr 3 12:28:50 2025 -0300

    Release v2.8.0
    PRs incluídos: #430, #431, #432, #433, #434, #435

commit 229bb87
Author: Fernanda Lima <fernanda.lima@empresa.com>
Date:   Thu Apr 3 18:40:41 2025 -0300

    refactor(public-api): reorganiza estrutura de pastas do backend
    Merge pull request #436 from fernandalima/refactor/reorganiza-estrutura-de-pastas-do

commit d329a38
Author: Diego Castro <diego.castro@empresa.com>
Date:   Fri Apr 4 00:52:31 2025 -0300

    feat(auth): adiciona integração com gateway de pagamento
    Merge pull request #437 from diegocastro/feat/adiciona-integracao-com-gateway-de

commit f7aee0f
Author: Lucas Ferreira <lucas.ferreira@empresa.com>
Date:   Fri Apr 4 07:04:22 2025 -0300

    perf(admin-panel): reduz tamanho do bundle JavaScript
    Merge pull request #438 from lucasferreira/perf/reduz-tamanho-do-bundle-javascript

commit db08792
Author: Rafael Nunes <rafael.nunes@empresa.com>
Date:   Fri Apr 4 13:16:13 2025 -0300

    refactor(reports): refatora camada de acesso a dados
    Merge pull request #439 from rafaelnunes/refactor/refatora-camada-de-acesso-a

commit fab6856
Author: Eduardo Pires <eduardo.pires@empresa.com>
Date:   Fri Apr 4 19:28:04 2025 -0300

    fix(auth): corrige exibição de dados sensíveis no log
    Merge pull request #440 from eduardopires/fix/corrige-exibicao-de-dados-sensiveis

commit 767b433
Author: Bruno Alves <bruno.alves@empresa.com>
Date:   Sat Apr 5 01:39:54 2025 -0300

    refactor(billing): unifica tratamento de erros da API
    Merge pull request #441 from brunoalves/refactor/unifica-tratamento-de-erros-da

commit fbaf8f5
Author: Camila Duarte <camila.duarte@empresa.com>
Date:   Sat Apr 5 07:51:45 2025 -0300

    feat(core): implementa histórico de alterações (audit log)
    Merge pull request #442 from camiladuarte/feat/implementa-historico-de-alteracoes-(audit

commit 41df1bc
Author: Patricia Gomes <patricia.gomes@empresa.com>
Date:   Sat Apr 5 14:03:36 2025 -0300

    security(admin-panel): atualiza dependência com CVE crítico
    Merge pull request #443 from patriciagomes/security/atualiza-dependencia-com-cve-critico

commit a006c3a
Author: Carla Mendes <carla.mendes@empresa.com>
Date:   Sat Apr 5 20:15:27 2025 -0300

    fix(dashboard): resolve conflito de merge automático no cron job
    Merge pull request #444 from carlamendes/fix/resolve-conflito-de-merge-automatico

commit 8fab5fd
Author: Juliana Ramos <juliana.ramos@empresa.com>
Date:   Sun Apr 6 02:27:17 2025 -0300

    style(billing): padroniza ícones do menu lateral
    Merge pull request #445 from julianaramos/style/padroniza-icones-do-menu-lateral

commit e547387
Author: Eduardo Pires <eduardo.pires@empresa.com>
Date:   Sun Apr 6 08:39:08 2025 -0300

    docs(notifications): atualiza changelog do projeto
    Merge pull request #446 from eduardopires/docs/atualiza-changelog-do-projeto

commit 05df4af
Author: Fernanda Lima <fernanda.lima@empresa.com>
Date:   Sun Apr 6 14:50:59 2025 -0300

    chore(dashboard): remove código legado não utilizado
    Merge pull request #447 from fernandalima/chore/remove-codigo-legado-nao-utilizado

commit 5168f3e
Author: Patricia Gomes <patricia.gomes@empresa.com>
Date:   Sun Apr 6 21:02:49 2025 -0300

    feat(checkout): adiciona exportação de dados em PDF
    Merge pull request #448 from patriciagomes/feat/adiciona-exportacao-de-dados-em

commit 8b0d3b6
Author: Juliana Ramos <juliana.ramos@empresa.com>
Date:   Mon Apr 7 03:14:40 2025 -0300

    docs(mobile-api): adiciona exemplos de uso da API pública
    Merge pull request #449 from julianaramos/docs/adiciona-exemplos-de-uso-da

commit bafe2c9
Author: Camila Duarte <camila.duarte@empresa.com>
Date:   Mon Apr 7 09:26:31 2025 -0300

    style(notifications): ajusta espaçamento e tipografia da interface
    Merge pull request #450 from camiladuarte/style/ajusta-espacamento-e-tipografia-da

tag: v2.9.0
Tagger: Renata Bastos <renata.bastos@empresa.com>
Date:   Mon Apr 7 15:38:22 2025 -0300

    Release v2.9.0
    PRs incluídos: #445, #446, #447, #448, #449, #450

commit 5a7aa98
Author: Thiago Rocha <thiago.rocha@empresa.com>
Date:   Mon Apr 7 21:50:12 2025 -0300

    security(checkout): corrige vulnerabilidade de XSS no formulário de contato
    Merge pull request #451 from thiagorocha/security/corrige-vulnerabilidade-de-xss-no

commit ed55047
Author: Fernanda Lima <fernanda.lima@empresa.com>
Date:   Tue Apr 8 04:02:03 2025 -0300

    perf(public-api): otimiza carregamento de imagens (lazy loading)
    Merge pull request #452 from fernandalima/perf/otimiza-carregamento-de-imagens-(lazy

commit 332f10c
Author: Eduardo Pires <eduardo.pires@empresa.com>
Date:   Tue Apr 8 10:13:54 2025 -0300

    refactor(search): extrai serviço de notificações para módulo próprio
    Merge pull request #453 from eduardopires/refactor/extrai-servico-de-notificacoes-para

commit 2c9779e
Author: Rafael Nunes <rafael.nunes@empresa.com>
Date:   Tue Apr 8 16:25:45 2025 -0300

    test(auth): corrige testes instáveis (flaky tests) na suíte de CI
    Merge pull request #454 from rafaelnunes/test/corrige-testes-instaveis-(flaky-tests)

commit bafe8e4
Author: Carla Mendes <carla.mendes@empresa.com>
Date:   Tue Apr 8 22:37:35 2025 -0300

    chore(core): atualiza dependências do projeto
    Merge pull request #455 from carlamendes/chore/atualiza-dependencias-do-projeto

commit 9bf72e9
Author: Carla Mendes <carla.mendes@empresa.com>
Date:   Wed Apr 9 04:49:26 2025 -0300

    perf(search): otimiza indexação de busca full-text
    Merge pull request #456 from carlamendes/perf/otimiza-indexacao-de-busca-full-text

commit 4b9f0ff
Author: Juliana Ramos <juliana.ramos@empresa.com>
Date:   Wed Apr 9 11:01:17 2025 -0300

    test(core): adiciona testes de integração para módulo de checkout
    Merge pull request #457 from julianaramos/test/adiciona-testes-de-integracao-para

commit b6ddc75
Author: Fernanda Lima <fernanda.lima@empresa.com>
Date:   Wed Apr 9 17:13:07 2025 -0300

    refactor(mobile-api): reorganiza estrutura de pastas do backend
    Merge pull request #458 from fernandalima/refactor/reorganiza-estrutura-de-pastas-do

commit 2d7898d
Author: Camila Duarte <camila.duarte@empresa.com>
Date:   Wed Apr 9 23:24:58 2025 -0300

    security(notifications): atualiza dependência com CVE crítico
    Merge pull request #459 from camiladuarte/security/atualiza-dependencia-com-cve-critico

commit ee8f6a0
Author: Rafael Nunes <rafael.nunes@empresa.com>
Date:   Thu Apr 10 05:36:49 2025 -0300

    chore(checkout): reorganiza arquivos de configuração
    Merge pull request #460 from rafaelnunes/chore/reorganiza-arquivos-de-configuracao

commit 84e0724
Author: Patricia Gomes <patricia.gomes@empresa.com>
Date:   Thu Apr 10 11:48:40 2025 -0300

    chore(notifications): migra pipeline de CI/CD para GitHub Actions
    Merge pull request #461 from patriciagomes/chore/migra-pipeline-de-ci/cd-para

commit be1a241
Author: Bruno Alves <bruno.alves@empresa.com>
Date:   Thu Apr 10 18:00:30 2025 -0300

    security(dashboard): implementa rate limiting na API pública
    Merge pull request #462 from brunoalves/security/implementa-rate-limiting-na-api

commit 68c037c
Author: Fernanda Lima <fernanda.lima@empresa.com>
Date:   Fri Apr 11 00:12:21 2025 -0300

    style(auth): padroniza ícones do menu lateral
    Merge pull request #463 from fernandalima/style/padroniza-icones-do-menu-lateral

commit 36fc9a5
Author: Bruno Alves <bruno.alves@empresa.com>
Date:   Fri Apr 11 06:24:12 2025 -0300

    refactor(public-api): desacopla módulo de pagamentos do core
    Merge pull request #464 from brunoalves/refactor/desacopla-modulo-de-pagamentos-do

commit f96b163
Author: Marina Souza <marina.souza@empresa.com>
Date:   Fri Apr 11 12:36:03 2025 -0300

    style(notifications): ajusta espaçamento e tipografia da interface
    Merge pull request #465 from marinasouza/style/ajusta-espacamento-e-tipografia-da

commit 3c701f4
Author: Fernanda Lima <fernanda.lima@empresa.com>
Date:   Fri Apr 11 18:47:53 2025 -0300

    feat(notifications): implementa cache com Redis para consultas frequentes
    Merge pull request #466 from fernandalima/feat/implementa-cache-com-redis-para

commit a11b434
Author: Rafael Nunes <rafael.nunes@empresa.com>
Date:   Sat Apr 12 00:59:44 2025 -0300

    chore(checkout): atualiza imagem base do Docker
    Merge pull request #467 from rafaelnunes/chore/atualiza-imagem-base-do-docker

commit 60cb481
Author: Thiago Rocha <thiago.rocha@empresa.com>
Date:   Sat Apr 12 07:11:35 2025 -0300

    docs(public-api): atualiza changelog do projeto
    Merge pull request #468 from thiagorocha/docs/atualiza-changelog-do-projeto

commit f65bae8
Author: Diego Castro <diego.castro@empresa.com>
Date:   Sat Apr 12 13:23:26 2025 -0300

    test(public-api): corrige testes instáveis (flaky tests) na suíte de CI
    Merge pull request #469 from diegocastro/test/corrige-testes-instaveis-(flaky-tests)

commit 4e98be0
Author: Lucas Ferreira <lucas.ferreira@empresa.com>
Date:   Sat Apr 12 19:35:16 2025 -0300

    chore(mobile-api): migra pipeline de CI/CD para GitHub Actions
    Merge pull request #470 from lucasferreira/chore/migra-pipeline-de-ci/cd-para

tag: v2.9.1
Tagger: Aline Correia <aline.correia@empresa.com>
Date:   Sun Apr 13 01:47:07 2025 -0300

    Release v2.9.1
    PRs incluídos: #465, #466, #467, #468, #469, #470

commit 2c6f49a
Author: Thiago Rocha <thiago.rocha@empresa.com>
Date:   Sun Apr 13 07:58:58 2025 -0300

    refactor(public-api): reduz complexidade do componente de checkout
    Merge pull request #471 from thiagorocha/refactor/reduz-complexidade-do-componente-de

commit 2145163
Author: Thiago Rocha <thiago.rocha@empresa.com>
Date:   Sun Apr 13 14:10:48 2025 -0300

    fix(webhooks): resolve conflito de merge automático no cron job
    Merge pull request #472 from thiagorocha/fix/resolve-conflito-de-merge-automatico

commit 81b7206
Author: Rafael Nunes <rafael.nunes@empresa.com>
Date:   Sun Apr 13 20:22:39 2025 -0300

    security(mobile-api): corrige exposição de dados em endpoint de debug
    Merge pull request #473 from rafaelnunes/security/corrige-exposicao-de-dados-em

commit db18129
Author: Rafael Nunes <rafael.nunes@empresa.com>
Date:   Mon Apr 14 02:34:30 2025 -0300

    feat(mobile-api): implementa paginação infinita na listagem
    Merge pull request #474 from rafaelnunes/feat/implementa-paginacao-infinita-na-listagem

commit c6675d3
Author: Patricia Gomes <patricia.gomes@empresa.com>
Date:   Mon Apr 14 08:46:21 2025 -0300

    fix(mobile-api): corrige duplicidade de registros na sincronização
    Merge pull request #475 from patriciagomes/fix/corrige-duplicidade-de-registros-na

commit 55ca5eb
Author: Lucas Ferreira <lucas.ferreira@empresa.com>
Date:   Mon Apr 14 14:58:11 2025 -0300

    perf(checkout): reduz tamanho do bundle JavaScript
    Merge pull request #476 from lucasferreira/perf/reduz-tamanho-do-bundle-javascript

commit a76c8be
Author: Thiago Rocha <thiago.rocha@empresa.com>
Date:   Mon Apr 14 21:10:02 2025 -0300

    security(public-api): corrige exposição de dados em endpoint de debug
    Merge pull request #477 from thiagorocha/security/corrige-exposicao-de-dados-em

commit 490976a
Author: Marina Souza <marina.souza@empresa.com>
Date:   Tue Apr 15 03:21:53 2025 -0300

    test(core): corrige testes instáveis (flaky tests) na suíte de CI
    Merge pull request #478 from marinasouza/test/corrige-testes-instaveis-(flaky-tests)

commit 431eb44
Author: Eduardo Pires <eduardo.pires@empresa.com>
Date:   Tue Apr 15 09:33:44 2025 -0300

    style(mobile-api): ajusta paleta de cores para acessibilidade
    Merge pull request #479 from eduardopires/style/ajusta-paleta-de-cores-para

commit 2c62af5
Author: Lucas Ferreira <lucas.ferreira@empresa.com>
Date:   Tue Apr 15 15:45:34 2025 -0300

    refactor(notifications): unifica tratamento de erros da API
    Merge pull request #480 from lucasferreira/refactor/unifica-tratamento-de-erros-da

commit 91c21ab
Author: Eduardo Pires <eduardo.pires@empresa.com>
Date:   Tue Apr 15 21:57:25 2025 -0300

    fix(webhooks): corrige botão de cancelamento não responsivo
    Merge pull request #481 from eduardopires/fix/corrige-botao-de-cancelamento-nao

commit c191a4a
Author: Fernanda Lima <fernanda.lima@empresa.com>
Date:   Wed Apr 16 04:09:16 2025 -0300

    refactor(webhooks): reorganiza estrutura de pastas do backend
    Merge pull request #482 from fernandalima/refactor/reorganiza-estrutura-de-pastas-do

tag: v2.9.2
Tagger: Renata Bastos <renata.bastos@empresa.com>
Date:   Wed Apr 16 10:21:06 2025 -0300

    Release v2.9.2
    PRs incluídos: #477, #478, #479, #480, #481, #482

commit d9c44a2
Author: Diego Castro <diego.castro@empresa.com>
Date:   Wed Apr 16 16:32:57 2025 -0300

    style(billing): ajusta espaçamento e tipografia da interface
    Merge pull request #483 from diegocastro/style/ajusta-espacamento-e-tipografia-da

commit 2cd44f6
Author: Eduardo Pires <eduardo.pires@empresa.com>
Date:   Wed Apr 16 22:44:48 2025 -0300

    style(notifications): padroniza ícones do menu lateral
    Merge pull request #484 from eduardopires/style/padroniza-icones-do-menu-lateral

commit 28da23d
Author: Camila Duarte <camila.duarte@empresa.com>
Date:   Thu Apr 17 04:56:39 2025 -0300

    refactor(billing): refatora camada de acesso a dados
    Merge pull request #485 from camiladuarte/refactor/refatora-camada-de-acesso-a

commit 095be4e
Author: Thiago Rocha <thiago.rocha@empresa.com>
Date:   Thu Apr 17 11:08:29 2025 -0300

    docs(admin-panel): documenta processo de deploy
    Merge pull request #486 from thiagorocha/docs/documenta-processo-de-deploy

commit 2317490
Author: Bruno Alves <bruno.alves@empresa.com>
Date:   Thu Apr 17 17:20:20 2025 -0300

    docs(public-api): adiciona guia de contribuição
    Merge pull request #487 from brunoalves/docs/adiciona-guia-de-contribuicao

commit a6668f4
Author: Rafael Nunes <rafael.nunes@empresa.com>
Date:   Thu Apr 17 23:32:11 2025 -0300

    perf(core): reduz tamanho do bundle JavaScript
    Merge pull request #488 from rafaelnunes/perf/reduz-tamanho-do-bundle-javascript

commit 1851968
Author: Camila Duarte <camila.duarte@empresa.com>
Date:   Fri Apr 18 05:44:02 2025 -0300

    security(webhooks): adiciona validação contra SQL injection
    Merge pull request #489 from camiladuarte/security/adiciona-validacao-contra-sql-injection

commit 8b309c7
Author: Camila Duarte <camila.duarte@empresa.com>
Date:   Fri Apr 18 11:55:52 2025 -0300

    fix(webhooks): resolve falha no reenvio de e-mails de confirmação
    Merge pull request #490 from camiladuarte/fix/resolve-falha-no-reenvio-de

commit 256e017
Author: Eduardo Pires <eduardo.pires@empresa.com>
Date:   Fri Apr 18 18:07:43 2025 -0300

    docs(admin-panel): atualiza changelog do projeto
    Merge pull request #491 from eduardopires/docs/atualiza-changelog-do-projeto

commit bbb9781
Author: Thiago Rocha <thiago.rocha@empresa.com>
Date:   Sat Apr 19 00:19:34 2025 -0300

    security(core): atualiza dependência com CVE crítico
    Merge pull request #492 from thiagorocha/security/atualiza-dependencia-com-cve-critico

commit 4ac42c7
Author: Fernanda Lima <fernanda.lima@empresa.com>
Date:   Sat Apr 19 06:31:24 2025 -0300

    style(billing): padroniza ícones do menu lateral
    Merge pull request #493 from fernandalima/style/padroniza-icones-do-menu-lateral

commit ae46464
Author: Lucas Ferreira <lucas.ferreira@empresa.com>
Date:   Sat Apr 19 12:43:15 2025 -0300

    security(admin-panel): implementa rate limiting na API pública
    Merge pull request #494 from lucasferreira/security/implementa-rate-limiting-na-api

commit 5a235a4
Author: Eduardo Pires <eduardo.pires@empresa.com>
Date:   Sat Apr 19 18:55:06 2025 -0300

    chore(auth): configura análise estática de código
    Merge pull request #495 from eduardopires/chore/configura-analise-estatica-de-codigo

commit 8463450
Author: Thiago Rocha <thiago.rocha@empresa.com>
Date:   Sun Apr 20 01:06:57 2025 -0300

    security(dashboard): implementa rate limiting na API pública
    Merge pull request #496 from thiagorocha/security/implementa-rate-limiting-na-api

commit 0b2f4fb
Author: Lucas Ferreira <lucas.ferreira@empresa.com>
Date:   Sun Apr 20 07:18:47 2025 -0300

    refactor(billing): refatora camada de acesso a dados
    Merge pull request #497 from lucasferreira/refactor/refatora-camada-de-acesso-a

commit 671d08d
Author: Fernanda Lima <fernanda.lima@empresa.com>
Date:   Sun Apr 20 13:30:38 2025 -0300

    perf(auth): reduz tempo de build do frontend
    Merge pull request #498 from fernandalima/perf/reduz-tempo-de-build-do

commit efae7dc
Author: Camila Duarte <camila.duarte@empresa.com>
Date:   Sun Apr 20 19:42:29 2025 -0300

    refactor(auth): simplifica lógica de validação de formulários
    Merge pull request #499 from camiladuarte/refactor/simplifica-logica-de-validacao-de

commit 13ee17c
Author: Lucas Ferreira <lucas.ferreira@empresa.com>
Date:   Mon Apr 21 01:54:20 2025 -0300

    docs(admin-panel): atualiza changelog do projeto
    Merge pull request #500 from lucasferreira/docs/atualiza-changelog-do-projeto

commit 69ec99e
Author: Patricia Gomes <patricia.gomes@empresa.com>
Date:   Mon Apr 21 08:06:10 2025 -0300

    style(core): ajusta paleta de cores para acessibilidade
    Merge pull request #501 from patriciagomes/style/ajusta-paleta-de-cores-para

commit ee2354c
Author: Juliana Ramos <juliana.ramos@empresa.com>
Date:   Mon Apr 21 14:18:01 2025 -0300

    feat(auth): adiciona suporte a temas customizados
    Merge pull request #502 from julianaramos/feat/adiciona-suporte-a-temas-customizados

tag: v2.9.3
Tagger: Vinicius Teixeira <vinicius.teixeira@empresa.com>
Date:   Mon Apr 21 20:29:52 2025 -0300

    Release v2.9.3
    PRs incluídos: #497, #498, #499, #500, #501, #502

commit a5323eb
Author: Eduardo Pires <eduardo.pires@empresa.com>
Date:   Tue Apr 22 02:41:43 2025 -0300

    perf(notifications): otimiza consultas ao banco de dados
    Merge pull request #503 from eduardopires/perf/otimiza-consultas-ao-banco-de

commit cc15a45
Author: Eduardo Pires <eduardo.pires@empresa.com>
Date:   Tue Apr 22 08:53:33 2025 -0300

    style(auth): ajusta paleta de cores para acessibilidade
    Merge pull request #504 from eduardopires/style/ajusta-paleta-de-cores-para

commit e953460
Author: Carla Mendes <carla.mendes@empresa.com>
Date:   Tue Apr 22 15:05:24 2025 -0300

    security(notifications): implementa rate limiting na API pública
    Merge pull request #505 from carlamendes/security/implementa-rate-limiting-na-api

commit 0f76fed
Author: Juliana Ramos <juliana.ramos@empresa.com>
Date:   Tue Apr 22 21:17:15 2025 -0300

    perf(dashboard): reduz tamanho do bundle JavaScript
    Merge pull request #506 from julianaramos/perf/reduz-tamanho-do-bundle-javascript

commit 861541b
Author: Lucas Ferreira <lucas.ferreira@empresa.com>
Date:   Wed Apr 23 03:29:05 2025 -0300

    feat(mobile-api): implementa busca com filtros avançados
    Merge pull request #507 from lucasferreira/feat/implementa-busca-com-filtros-avancados

commit 13d5595
Author: Marina Souza <marina.souza@empresa.com>
Date:   Wed Apr 23 09:40:56 2025 -0300

    test(checkout): adiciona testes end-to-end para fluxo de compra
    Merge pull request #508 from marinasouza/test/adiciona-testes-end-to-end-para-fluxo

commit abc2d29
Author: Lucas Ferreira <lucas.ferreira@empresa.com>
Date:   Wed Apr 23 15:52:47 2025 -0300

    feat(notifications): adiciona suporte a múltiplos idiomas (i18n)
    Merge pull request #509 from lucasferreira/feat/adiciona-suporte-a-multiplos-idiomas

commit 66132f9
Author: Rafael Nunes <rafael.nunes@empresa.com>
Date:   Wed Apr 23 22:04:38 2025 -0300

    docs(search): adiciona exemplos de uso da API pública
    Merge pull request #510 from rafaelnunes/docs/adiciona-exemplos-de-uso-da

commit b4fff57
Author: Thiago Rocha <thiago.rocha@empresa.com>
Date:   Thu Apr 24 04:16:28 2025 -0300

    style(admin-panel): ajusta paleta de cores para acessibilidade
    Merge pull request #511 from thiagorocha/style/ajusta-paleta-de-cores-para

commit 36dd1ab
Author: Bruno Alves <bruno.alves@empresa.com>
Date:   Thu Apr 24 10:28:19 2025 -0300

    fix(dashboard): corrige timeout na chamada de API de pagamentos
    Merge pull request #512 from brunoalves/fix/corrige-timeout-na-chamada-de

commit 98299a0
Author: Camila Duarte <camila.duarte@empresa.com>
Date:   Thu Apr 24 16:40:10 2025 -0300

    feat(public-api): adiciona sistema de notificações push
    Merge pull request #513 from camiladuarte/feat/adiciona-sistema-de-notificacoes-push

commit 056aaff
Author: Thiago Rocha <thiago.rocha@empresa.com>
Date:   Thu Apr 24 22:52:01 2025 -0300

    security(admin-panel): adiciona validação contra SQL injection
    Merge pull request #514 from thiagorocha/security/adiciona-validacao-contra-sql-injection

commit eaed19a
Author: Camila Duarte <camila.duarte@empresa.com>
Date:   Fri Apr 25 05:03:51 2025 -0300

    perf(webhooks): reduz tempo de build do frontend
    Merge pull request #515 from camiladuarte/perf/reduz-tempo-de-build-do

commit 480ac5c
Author: Marina Souza <marina.souza@empresa.com>
Date:   Fri Apr 25 11:15:42 2025 -0300

    docs(checkout): documenta processo de deploy
    Merge pull request #516 from marinasouza/docs/documenta-processo-de-deploy

commit d2f7be9
Author: Rafael Nunes <rafael.nunes@empresa.com>
Date:   Fri Apr 25 17:27:33 2025 -0300

    docs(notifications): atualiza documentação da API no README
    Merge pull request #517 from rafaelnunes/docs/atualiza-documentacao-da-api-no

commit 62e0f46
Author: Juliana Ramos <juliana.ramos@empresa.com>
Date:   Fri Apr 25 23:39:23 2025 -0300

    fix(core): corrige encoding incorreto em exportação CSV
    Merge pull request #518 from julianaramos/fix/corrige-encoding-incorreto-em-exportacao

commit 3461ec3
Author: Diego Castro <diego.castro@empresa.com>
Date:   Sat Apr 26 05:51:14 2025 -0300

    test(auth): adiciona testes end-to-end para fluxo de compra
    Merge pull request #519 from diegocastro/test/adiciona-testes-end-to-end-para-fluxo

tag: v2.10.0
Tagger: Renata Bastos <renata.bastos@empresa.com>
Date:   Sat Apr 26 12:03:05 2025 -0300

    Release v2.10.0
    PRs incluídos: #514, #515, #516, #517, #518, #519

commit 9096a66
Author: Thiago Rocha <thiago.rocha@empresa.com>
Date:   Sat Apr 26 18:14:56 2025 -0300

    feat(mobile-api): implementa dashboard de métricas em tempo real
    Merge pull request #520 from thiagorocha/feat/implementa-dashboard-de-metricas-em

commit 4583036
Author: Patricia Gomes <patricia.gomes@empresa.com>
Date:   Sun Apr 27 00:26:46 2025 -0300

    perf(notifications): otimiza consultas ao banco de dados
    Merge pull request #521 from patriciagomes/perf/otimiza-consultas-ao-banco-de

commit 97529ae
Author: Patricia Gomes <patricia.gomes@empresa.com>
Date:   Sun Apr 27 06:38:37 2025 -0300

    test(public-api): aumenta cobertura de testes do módulo de usuários
    Merge pull request #522 from patriciagomes/test/aumenta-cobertura-de-testes-do

commit 12dc5eb
Author: Marina Souza <marina.souza@empresa.com>
Date:   Sun Apr 27 12:50:28 2025 -0300

    feat(search): implementa dashboard de métricas em tempo real
    Merge pull request #523 from marinasouza/feat/implementa-dashboard-de-metricas-em

commit 42e3e9e
Author: Bruno Alves <bruno.alves@empresa.com>
Date:   Sun Apr 27 19:02:19 2025 -0300

    style(dashboard): ajusta espaçamento e tipografia da interface
    Merge pull request #524 from brunoalves/style/ajusta-espacamento-e-tipografia-da

commit 5aaef02
Author: Bruno Alves <bruno.alves@empresa.com>
Date:   Mon Apr 28 01:14:09 2025 -0300

    test(search): adiciona testes end-to-end para fluxo de compra
    Merge pull request #525 from brunoalves/test/adiciona-testes-end-to-end-para-fluxo

commit b43c3a2
Author: Thiago Rocha <thiago.rocha@empresa.com>
Date:   Mon Apr 28 07:26:00 2025 -0300

    perf(notifications): reduz tempo de build do frontend
    Merge pull request #526 from thiagorocha/perf/reduz-tempo-de-build-do

commit 775fc2a
Author: Patricia Gomes <patricia.gomes@empresa.com>
Date:   Mon Apr 28 13:37:51 2025 -0300

    security(search): adiciona validação contra SQL injection
    Merge pull request #527 from patriciagomes/security/adiciona-validacao-contra-sql-injection

commit a752f3e
Author: Eduardo Pires <eduardo.pires@empresa.com>
Date:   Mon Apr 28 19:49:41 2025 -0300

    security(admin-panel): corrige exposição de dados em endpoint de debug
    Merge pull request #528 from eduardopires/security/corrige-exposicao-de-dados-em

commit 23caf12
Author: Rafael Nunes <rafael.nunes@empresa.com>
Date:   Tue Apr 29 02:01:32 2025 -0300

    chore(search): reorganiza arquivos de configuração
    Merge pull request #529 from rafaelnunes/chore/reorganiza-arquivos-de-configuracao

commit 4e9ce66
Author: Carla Mendes <carla.mendes@empresa.com>
Date:   Tue Apr 29 08:13:23 2025 -0300

    feat(webhooks): adiciona modo escuro na interface
    Merge pull request #530 from carlamendes/feat/adiciona-modo-escuro-na-interface

commit b20c491
Author: Thiago Rocha <thiago.rocha@empresa.com>
Date:   Tue Apr 29 14:25:14 2025 -0300

    test(public-api): adiciona testes unitários para serviço de notificações
    Merge pull request #531 from thiagorocha/test/adiciona-testes-unitarios-para-servico

commit 3907dca
Author: Patricia Gomes <patricia.gomes@empresa.com>
Date:   Tue Apr 29 20:37:04 2025 -0300

    feat(reports): implementa histórico de alterações (audit log)
    Merge pull request #532 from patriciagomes/feat/implementa-historico-de-alteracoes-(audit

commit 5f46cbd
Author: Fernanda Lima <fernanda.lima@empresa.com>
Date:   Wed Apr 30 02:48:55 2025 -0300

    security(billing): adiciona validação contra SQL injection
    Merge pull request #533 from fernandalima/security/adiciona-validacao-contra-sql-injection

commit 04fd424
Author: Camila Duarte <camila.duarte@empresa.com>
Date:   Wed Apr 30 09:00:46 2025 -0300

    chore(checkout): atualiza dependências do projeto
    Merge pull request #534 from camiladuarte/chore/atualiza-dependencias-do-projeto

commit edecb75
Author: Fernanda Lima <fernanda.lima@empresa.com>
Date:   Wed Apr 30 15:12:37 2025 -0300

    security(auth): adiciona validação contra SQL injection
    Merge pull request #535 from fernandalima/security/adiciona-validacao-contra-sql-injection

commit 8db11fb
Author: Marina Souza <marina.souza@empresa.com>
Date:   Wed Apr 30 21:24:27 2025 -0300

    perf(public-api): reduz tempo de build do frontend
    Merge pull request #536 from marinasouza/perf/reduz-tempo-de-build-do

commit e227f29
Author: Diego Castro <diego.castro@empresa.com>
Date:   Thu May 1 03:36:18 2025 -0300

    chore(notifications): limpa dependências não utilizadas
    Merge pull request #537 from diegocastro/chore/limpa-dependencias-nao-utilizadas

commit fadb995
Author: Thiago Rocha <thiago.rocha@empresa.com>
Date:   Thu May 1 09:48:09 2025 -0300

    feat(dashboard): implementa sistema de permissões por papel
    Merge pull request #538 from thiagorocha/feat/implementa-sistema-de-permissoes-por

tag: v2.11.0
Tagger: Aline Correia <aline.correia@empresa.com>
Date:   Thu May 1 16:00:00 2025 -0300

    Release v2.11.0
    PRs incluídos: #533, #534, #535, #536, #537, #538

commit 909f242
Author: Camila Duarte <camila.duarte@empresa.com>
Date:   Thu May 1 22:11:50 2025 -0300

    chore(core): padroniza formatação com Prettier/ESLint
    Merge pull request #539 from camiladuarte/chore/padroniza-formatacao-com-prettier/eslint

commit 880354e
Author: Juliana Ramos <juliana.ramos@empresa.com>
Date:   Fri May 2 04:23:41 2025 -0300

    chore(notifications): padroniza formatação com Prettier/ESLint
    Merge pull request #540 from julianaramos/chore/padroniza-formatacao-com-prettier/eslint

commit 1a244fd
Author: Carla Mendes <carla.mendes@empresa.com>
Date:   Fri May 2 10:35:32 2025 -0300

    refactor(auth): desacopla módulo de pagamentos do core
    Merge pull request #541 from carlamendes/refactor/desacopla-modulo-de-pagamentos-do

commit b18315e
Author: Bruno Alves <bruno.alves@empresa.com>
Date:   Fri May 2 16:47:22 2025 -0300

    perf(billing): reduz tempo de build do frontend
    Merge pull request #542 from brunoalves/perf/reduz-tempo-de-build-do

commit cf84d09
Author: Juliana Ramos <juliana.ramos@empresa.com>
Date:   Fri May 2 22:59:13 2025 -0300

    style(search): ajusta espaçamento e tipografia da interface
    Merge pull request #543 from julianaramos/style/ajusta-espacamento-e-tipografia-da

commit 13bd8a8
Author: Fernanda Lima <fernanda.lima@empresa.com>
Date:   Sat May 3 05:11:04 2025 -0300

    docs(webhooks): adiciona exemplos de uso da API pública
    Merge pull request #544 from fernandalima/docs/adiciona-exemplos-de-uso-da

commit 76a5a00
Author: Rafael Nunes <rafael.nunes@empresa.com>
Date:   Sat May 3 11:22:55 2025 -0300

    security(webhooks): corrige exposição de dados em endpoint de debug
    Merge pull request #545 from rafaelnunes/security/corrige-exposicao-de-dados-em

commit eb79861
Author: Marina Souza <marina.souza@empresa.com>
Date:   Sat May 3 17:34:45 2025 -0300

    fix(checkout): resolve conflito de merge automático no cron job
    Merge pull request #546 from marinasouza/fix/resolve-conflito-de-merge-automatico

commit 324c535
Author: Rafael Nunes <rafael.nunes@empresa.com>
Date:   Sat May 3 23:46:36 2025 -0300

    refactor(public-api): simplifica lógica de validação de formulários
    Merge pull request #547 from rafaelnunes/refactor/simplifica-logica-de-validacao-de

commit da85281
Author: Diego Castro <diego.castro@empresa.com>
Date:   Sun May 4 05:58:27 2025 -0300

    fix(notifications): resolve travamento ao anexar múltiplos arquivos
    Merge pull request #548 from diegocastro/fix/resolve-travamento-ao-anexar-multiplos

commit e2f6c5f
Author: Thiago Rocha <thiago.rocha@empresa.com>
Date:   Sun May 4 12:10:18 2025 -0300

    test(auth): adiciona testes end-to-end para fluxo de compra
    Merge pull request #549 from thiagorocha/test/adiciona-testes-end-to-end-para-fluxo

commit 831228e
Author: Patricia Gomes <patricia.gomes@empresa.com>
Date:   Sun May 4 18:22:08 2025 -0300

    refactor(dashboard): simplifica lógica de validação de formulários
    Merge pull request #550 from patriciagomes/refactor/simplifica-logica-de-validacao-de

commit c84ac0f
Author: Diego Castro <diego.castro@empresa.com>
Date:   Mon May 5 00:33:59 2025 -0300

    feat(webhooks): adiciona endpoint de exportação de relatórios em CSV
    Merge pull request #551 from diegocastro/feat/adiciona-endpoint-de-exportacao-de

commit cf3ba9c
Author: Fernanda Lima <fernanda.lima@empresa.com>
Date:   Mon May 5 06:45:50 2025 -0300

    style(core): ajusta espaçamento e tipografia da interface
    Merge pull request #552 from fernandalima/style/ajusta-espacamento-e-tipografia-da

commit 2e9651c
Author: Camila Duarte <camila.duarte@empresa.com>
Date:   Mon May 5 12:57:40 2025 -0300

    docs(reports): adiciona exemplos de uso da API pública
    Merge pull request #553 from camiladuarte/docs/adiciona-exemplos-de-uso-da

commit 2e64160
Author: Juliana Ramos <juliana.ramos@empresa.com>
Date:   Mon May 5 19:09:31 2025 -0300

    fix(dashboard): corrige encoding incorreto em exportação CSV
    Merge pull request #554 from julianaramos/fix/corrige-encoding-incorreto-em-exportacao

commit 9fe01a1
Author: Bruno Alves <bruno.alves@empresa.com>
Date:   Tue May 6 01:21:22 2025 -0300

    security(mobile-api): corrige vulnerabilidade de XSS no formulário de contato
    Merge pull request #555 from brunoalves/security/corrige-vulnerabilidade-de-xss-no

commit e47214f
Author: Eduardo Pires <eduardo.pires@empresa.com>
Date:   Tue May 6 07:33:13 2025 -0300

    security(billing): corrige vulnerabilidade de XSS no formulário de contato
    Merge pull request #556 from eduardopires/security/corrige-vulnerabilidade-de-xss-no

commit 405193e
Author: Diego Castro <diego.castro@empresa.com>
Date:   Tue May 6 13:45:03 2025 -0300

    feat(public-api): implementa busca com filtros avançados
    Merge pull request #557 from diegocastro/feat/implementa-busca-com-filtros-avancados

tag: v2.11.1
Tagger: Aline Correia <aline.correia@empresa.com>
Date:   Tue May 6 19:56:54 2025 -0300

    Release v2.11.1
    PRs incluídos: #552, #553, #554, #555, #556, #557

commit daca34a
Author: Lucas Ferreira <lucas.ferreira@empresa.com>
Date:   Wed May 7 02:08:45 2025 -0300

    refactor(billing): simplifica lógica de validação de formulários
    Merge pull request #558 from lucasferreira/refactor/simplifica-logica-de-validacao-de

commit 384d5b5
Author: Bruno Alves <bruno.alves@empresa.com>
Date:   Wed May 7 08:20:36 2025 -0300

    chore(checkout): atualiza biblioteca de testes
    Merge pull request #559 from brunoalves/chore/atualiza-biblioteca-de-testes

commit c50f200
Author: Lucas Ferreira <lucas.ferreira@empresa.com>
Date:   Wed May 7 14:32:26 2025 -0300

    chore(webhooks): migra pipeline de CI/CD para GitHub Actions
    Merge pull request #560 from lucasferreira/chore/migra-pipeline-de-ci/cd-para

commit f4648ed
Author: Rafael Nunes <rafael.nunes@empresa.com>
Date:   Wed May 7 20:44:17 2025 -0300

    test(public-api): adiciona testes unitários para serviço de notificações
    Merge pull request #561 from rafaelnunes/test/adiciona-testes-unitarios-para-servico

commit 29bd076
Author: Lucas Ferreira <lucas.ferreira@empresa.com>
Date:   Thu May 8 02:56:08 2025 -0300

    chore(admin-panel): atualiza imagem base do Docker
    Merge pull request #562 from lucasferreira/chore/atualiza-imagem-base-do-docker

commit 7e68163
Author: Rafael Nunes <rafael.nunes@empresa.com>
Date:   Thu May 8 09:07:58 2025 -0300

    docs(mobile-api): adiciona exemplos de uso da API pública
    Merge pull request #563 from rafaelnunes/docs/adiciona-exemplos-de-uso-da

commit 11b96d8
Author: Camila Duarte <camila.duarte@empresa.com>
Date:   Thu May 8 15:19:49 2025 -0300

    perf(auth): reduz tempo de build do frontend
    Merge pull request #564 from camiladuarte/perf/reduz-tempo-de-build-do

commit 550f327
Author: Diego Castro <diego.castro@empresa.com>
Date:   Thu May 8 21:31:40 2025 -0300

    fix(mobile-api): resolve vazamento de memória no worker de filas
    Merge pull request #565 from diegocastro/fix/resolve-vazamento-de-memoria-no

commit a73a737
Author: Lucas Ferreira <lucas.ferreira@empresa.com>
Date:   Fri May 9 03:43:31 2025 -0300

    docs(billing): atualiza changelog do projeto
    Merge pull request #566 from lucasferreira/docs/atualiza-changelog-do-projeto

commit f1d46e5
Author: Bruno Alves <bruno.alves@empresa.com>
Date:   Fri May 9 09:55:21 2025 -0300

    refactor(dashboard): simplifica lógica de validação de formulários
    Merge pull request #567 from brunoalves/refactor/simplifica-logica-de-validacao-de

commit 6a41184
Author: Carla Mendes <carla.mendes@empresa.com>
Date:   Fri May 9 16:07:12 2025 -0300

    refactor(notifications): reduz complexidade do componente de checkout
    Merge pull request #568 from carlamendes/refactor/reduz-complexidade-do-componente-de

tag: v2.11.2
Tagger: Vinicius Teixeira <vinicius.teixeira@empresa.com>
Date:   Fri May 9 22:19:03 2025 -0300

    Release v2.11.2
    PRs incluídos: #563, #564, #565, #566, #567, #568

commit 72df6fe
Author: Bruno Alves <bruno.alves@empresa.com>
Date:   Sat May 10 04:30:54 2025 -0300

    chore(auth): padroniza formatação com Prettier/ESLint
    Merge pull request #569 from brunoalves/chore/padroniza-formatacao-com-prettier/eslint

commit d740d11
Author: Eduardo Pires <eduardo.pires@empresa.com>
Date:   Sat May 10 10:42:44 2025 -0300

    refactor(reports): refatora camada de acesso a dados
    Merge pull request #570 from eduardopires/refactor/refatora-camada-de-acesso-a

commit f3ef720
Author: Patricia Gomes <patricia.gomes@empresa.com>
Date:   Sat May 10 16:54:35 2025 -0300

    security(search): adiciona validação contra SQL injection
    Merge pull request #571 from patriciagomes/security/adiciona-validacao-contra-sql-injection

commit 720f95e
Author: Fernanda Lima <fernanda.lima@empresa.com>
Date:   Sat May 10 23:06:26 2025 -0300

    chore(notifications): atualiza biblioteca de testes
    Merge pull request #572 from fernandalima/chore/atualiza-biblioteca-de-testes

commit 4c5be02
Author: Eduardo Pires <eduardo.pires@empresa.com>
Date:   Sun May 11 05:18:16 2025 -0300

    feat(dashboard): adiciona modo offline com sincronização
    Merge pull request #573 from eduardopires/feat/adiciona-modo-offline-com-sincronizacao

commit d862a1b
Author: Eduardo Pires <eduardo.pires@empresa.com>
Date:   Sun May 11 11:30:07 2025 -0300

    style(notifications): ajusta espaçamento e tipografia da interface
    Merge pull request #574 from eduardopires/style/ajusta-espacamento-e-tipografia-da

commit bb5264a
Author: Fernanda Lima <fernanda.lima@empresa.com>
Date:   Sun May 11 17:41:58 2025 -0300

    perf(core): otimiza indexação de busca full-text
    Merge pull request #575 from fernandalima/perf/otimiza-indexacao-de-busca-full-text

commit 67ab8d8
Author: Rafael Nunes <rafael.nunes@empresa.com>
Date:   Sun May 11 23:53:49 2025 -0300

    perf(public-api): otimiza indexação de busca full-text
    Merge pull request #576 from rafaelnunes/perf/otimiza-indexacao-de-busca-full-text

commit 3f9eb26
Author: Thiago Rocha <thiago.rocha@empresa.com>
Date:   Mon May 12 06:05:39 2025 -0300

    perf(mobile-api): reduz tamanho do bundle JavaScript
    Merge pull request #577 from thiagorocha/perf/reduz-tamanho-do-bundle-javascript

commit 35834f4
Author: Rafael Nunes <rafael.nunes@empresa.com>
Date:   Mon May 12 12:17:30 2025 -0300

    chore(checkout): reorganiza arquivos de configuração
    Merge pull request #578 from rafaelnunes/chore/reorganiza-arquivos-de-configuracao

commit 4fbde09
Author: Patricia Gomes <patricia.gomes@empresa.com>
Date:   Mon May 12 18:29:21 2025 -0300

    feat(search): implementa upload de arquivos em lote
    Merge pull request #579 from patriciagomes/feat/implementa-upload-de-arquivos-em

commit daafee9
Author: Marina Souza <marina.souza@empresa.com>
Date:   Tue May 13 00:41:12 2025 -0300

    style(reports): ajusta paleta de cores para acessibilidade
    Merge pull request #580 from marinasouza/style/ajusta-paleta-de-cores-para

tag: v2.11.3
Tagger: Vinicius Teixeira <vinicius.teixeira@empresa.com>
Date:   Tue May 13 06:53:02 2025 -0300

    Release v2.11.3
    PRs incluídos: #575, #576, #577, #578, #579, #580

commit 9e55955
Author: Thiago Rocha <thiago.rocha@empresa.com>
Date:   Tue May 13 13:04:53 2025 -0300

    feat(reports): adiciona modo escuro na interface
    Merge pull request #581 from thiagorocha/feat/adiciona-modo-escuro-na-interface

commit 31a4e8b
Author: Eduardo Pires <eduardo.pires@empresa.com>
Date:   Tue May 13 19:16:44 2025 -0300

    chore(billing): remove código legado não utilizado
    Merge pull request #582 from eduardopires/chore/remove-codigo-legado-nao-utilizado

commit be5930c
Author: Patricia Gomes <patricia.gomes@empresa.com>
Date:   Wed May 14 01:28:35 2025 -0300

    docs(auth): documenta processo de deploy
    Merge pull request #583 from patriciagomes/docs/documenta-processo-de-deploy

commit a9f94ea
Author: Carla Mendes <carla.mendes@empresa.com>
Date:   Wed May 14 07:40:25 2025 -0300

    docs(core): adiciona guia de contribuição
    Merge pull request #584 from carlamendes/docs/adiciona-guia-de-contribuicao

commit 390c7eb
Author: Eduardo Pires <eduardo.pires@empresa.com>
Date:   Wed May 14 13:52:16 2025 -0300

    feat(webhooks): adiciona modo escuro na interface
    Merge pull request #585 from eduardopires/feat/adiciona-modo-escuro-na-interface

commit 602e2c6
Author: Marina Souza <marina.souza@empresa.com>
Date:   Wed May 14 20:04:07 2025 -0300

    refactor(notifications): refatora camada de acesso a dados
    Merge pull request #586 from marinasouza/refactor/refatora-camada-de-acesso-a

commit bc4dbcb
Author: Lucas Ferreira <lucas.ferreira@empresa.com>
Date:   Thu May 15 02:15:57 2025 -0300

    style(webhooks): ajusta espaçamento e tipografia da interface
    Merge pull request #587 from lucasferreira/style/ajusta-espacamento-e-tipografia-da

commit 26ede95
Author: Thiago Rocha <thiago.rocha@empresa.com>
Date:   Thu May 15 08:27:48 2025 -0300

    test(mobile-api): adiciona testes unitários para serviço de notificações
    Merge pull request #588 from thiagorocha/test/adiciona-testes-unitarios-para-servico

commit 2469fa2
Author: Fernanda Lima <fernanda.lima@empresa.com>
Date:   Thu May 15 14:39:39 2025 -0300

    chore(admin-panel): padroniza formatação com Prettier/ESLint
    Merge pull request #589 from fernandalima/chore/padroniza-formatacao-com-prettier/eslint

commit 8d5e465
Author: Fernanda Lima <fernanda.lima@empresa.com>
Date:   Thu May 15 20:51:30 2025 -0300

    feat(webhooks): implementa autenticação de dois fatores
    Merge pull request #590 from fernandalima/feat/implementa-autenticacao-de-dois-fatores

commit 9fe7004
Author: Juliana Ramos <juliana.ramos@empresa.com>
Date:   Fri May 16 03:03:20 2025 -0300

    perf(notifications): otimiza consultas ao banco de dados
    Merge pull request #591 from julianaramos/perf/otimiza-consultas-ao-banco-de

commit 9d5f703
Author: Camila Duarte <camila.duarte@empresa.com>
Date:   Fri May 16 09:15:11 2025 -0300

    perf(webhooks): otimiza consultas ao banco de dados
    Merge pull request #592 from camiladuarte/perf/otimiza-consultas-ao-banco-de

commit d8f3b08
Author: Diego Castro <diego.castro@empresa.com>
Date:   Fri May 16 15:27:02 2025 -0300

    docs(dashboard): adiciona exemplos de uso da API pública
    Merge pull request #593 from diegocastro/docs/adiciona-exemplos-de-uso-da

commit 4b518bd
Author: Marina Souza <marina.souza@empresa.com>
Date:   Fri May 16 21:38:53 2025 -0300

    docs(public-api): atualiza changelog do projeto
    Merge pull request #594 from marinasouza/docs/atualiza-changelog-do-projeto

tag: v2.11.4
Tagger: Vinicius Teixeira <vinicius.teixeira@empresa.com>
Date:   Sat May 17 03:50:43 2025 -0300

    Release v2.11.4
    PRs incluídos: #589, #590, #591, #592, #593, #594

commit 5aa98b3
Author: Rafael Nunes <rafael.nunes@empresa.com>
Date:   Sat May 17 10:02:34 2025 -0300

    refactor(checkout): extrai serviço de notificações para módulo próprio
    Merge pull request #595 from rafaelnunes/refactor/extrai-servico-de-notificacoes-para

commit 9bfda53
Author: Thiago Rocha <thiago.rocha@empresa.com>
Date:   Sat May 17 16:14:25 2025 -0300

    feat(mobile-api): adiciona modo escuro na interface
    Merge pull request #596 from thiagorocha/feat/adiciona-modo-escuro-na-interface

commit e2340fb
Author: Patricia Gomes <patricia.gomes@empresa.com>
Date:   Sat May 17 22:26:15 2025 -0300

    refactor(search): simplifica lógica de validação de formulários
    Merge pull request #597 from patriciagomes/refactor/simplifica-logica-de-validacao-de

commit a590374
Author: Thiago Rocha <thiago.rocha@empresa.com>
Date:   Sun May 18 04:38:06 2025 -0300

    perf(mobile-api): otimiza indexação de busca full-text
    Merge pull request #598 from thiagorocha/perf/otimiza-indexacao-de-busca-full-text

commit 42d320f
Author: Carla Mendes <carla.mendes@empresa.com>
Date:   Sun May 18 10:49:57 2025 -0300

    test(billing): aumenta cobertura de testes do módulo de usuários
    Merge pull request #599 from carlamendes/test/aumenta-cobertura-de-testes-do

commit 1f38129
Author: Marina Souza <marina.souza@empresa.com>
Date:   Sun May 18 17:01:48 2025 -0300

    fix(webhooks): resolve vazamento de memória no worker de filas
    Merge pull request #600 from marinasouza/fix/resolve-vazamento-de-memoria-no

commit b0248bb
Author: Rafael Nunes <rafael.nunes@empresa.com>
Date:   Sun May 18 23:13:38 2025 -0300

    refactor(auth): refatora camada de acesso a dados
    Merge pull request #601 from rafaelnunes/refactor/refatora-camada-de-acesso-a

commit 0669503
Author: Patricia Gomes <patricia.gomes@empresa.com>
Date:   Mon May 19 05:25:29 2025 -0300

    refactor(checkout): simplifica lógica de validação de formulários
    Merge pull request #602 from patriciagomes/refactor/simplifica-logica-de-validacao-de

commit e35bcd6
Author: Patricia Gomes <patricia.gomes@empresa.com>
Date:   Mon May 19 11:37:20 2025 -0300

    docs(auth): adiciona exemplos de uso da API pública
    Merge pull request #603 from patriciagomes/docs/adiciona-exemplos-de-uso-da

commit 34fb912
Author: Fernanda Lima <fernanda.lima@empresa.com>
Date:   Mon May 19 17:49:11 2025 -0300

    docs(dashboard): atualiza documentação da API no README
    Merge pull request #604 from fernandalima/docs/atualiza-documentacao-da-api-no

commit 9e7d9d6
Author: Rafael Nunes <rafael.nunes@empresa.com>
Date:   Tue May 20 00:01:01 2025 -0300

    test(admin-panel): adiciona testes unitários para serviço de notificações
    Merge pull request #605 from rafaelnunes/test/adiciona-testes-unitarios-para-servico

commit f3ce234
Author: Diego Castro <diego.castro@empresa.com>
Date:   Tue May 20 06:12:52 2025 -0300

    docs(core): adiciona guia de contribuição
    Merge pull request #606 from diegocastro/docs/adiciona-guia-de-contribuicao

commit b6a6c37
Author: Eduardo Pires <eduardo.pires@empresa.com>
Date:   Tue May 20 12:24:43 2025 -0300

    fix(checkout): resolve race condition no processamento de pedidos
    Merge pull request #607 from eduardopires/fix/resolve-race-condition-no-processamento

commit 8cbfcf8
Author: Eduardo Pires <eduardo.pires@empresa.com>
Date:   Tue May 20 18:36:33 2025 -0300

    test(admin-panel): corrige testes instáveis (flaky tests) na suíte de CI
    Merge pull request #608 from eduardopires/test/corrige-testes-instaveis-(flaky-tests)

tag: v2.11.5
Tagger: Vinicius Teixeira <vinicius.teixeira@empresa.com>
Date:   Wed May 21 00:48:24 2025 -0300

    Release v2.11.5
    PRs incluídos: #603, #604, #605, #606, #607, #608

commit 12f05ca
Author: Bruno Alves <bruno.alves@empresa.com>
Date:   Wed May 21 07:00:15 2025 -0300

    chore(checkout): atualiza dependências do projeto
    Merge pull request #609 from brunoalves/chore/atualiza-dependencias-do-projeto

commit fe69ff8
Author: Lucas Ferreira <lucas.ferreira@empresa.com>
Date:   Wed May 21 13:12:06 2025 -0300

    fix(webhooks): corrige cálculo de frete para regiões norte e nordeste
    Merge pull request #610 from lucasferreira/fix/corrige-calculo-de-frete-para

commit 3ceacee
Author: Patricia Gomes <patricia.gomes@empresa.com>
Date:   Wed May 21 19:23:56 2025 -0300

    feat(search): adiciona endpoint de exportação de relatórios em CSV
    Merge pull request #611 from patriciagomes/feat/adiciona-endpoint-de-exportacao-de

commit d49cf3f
Author: Carla Mendes <carla.mendes@empresa.com>
Date:   Thu May 22 01:35:47 2025 -0300

    test(dashboard): aumenta cobertura de testes do módulo de usuários
    Merge pull request #612 from carlamendes/test/aumenta-cobertura-de-testes-do

commit 51c8fcb
Author: Camila Duarte <camila.duarte@empresa.com>
Date:   Thu May 22 07:47:38 2025 -0300

    perf(mobile-api): reduz tamanho do bundle JavaScript
    Merge pull request #613 from camiladuarte/perf/reduz-tamanho-do-bundle-javascript

commit 4bb0ac3
Author: Thiago Rocha <thiago.rocha@empresa.com>
Date:   Thu May 22 13:59:29 2025 -0300

    feat(core): adiciona API pública versionada
    Merge pull request #614 from thiagorocha/feat/adiciona-api-publica-versionada

commit 7779229
Author: Thiago Rocha <thiago.rocha@empresa.com>
Date:   Thu May 22 20:11:19 2025 -0300

    docs(webhooks): atualiza documentação da API no README
    Merge pull request #615 from thiagorocha/docs/atualiza-documentacao-da-api-no

commit edd80f0
Author: Carla Mendes <carla.mendes@empresa.com>
Date:   Fri May 23 02:23:10 2025 -0300

    style(core): padroniza ícones do menu lateral
    Merge pull request #616 from carlamendes/style/padroniza-icones-do-menu-lateral

commit f36afa5
Author: Lucas Ferreira <lucas.ferreira@empresa.com>
Date:   Fri May 23 08:35:01 2025 -0300

    docs(checkout): adiciona exemplos de uso da API pública
    Merge pull request #617 from lucasferreira/docs/adiciona-exemplos-de-uso-da

commit 269819c
Author: Thiago Rocha <thiago.rocha@empresa.com>
Date:   Fri May 23 14:46:52 2025 -0300

    refactor(webhooks): desacopla módulo de pagamentos do core
    Merge pull request #618 from thiagorocha/refactor/desacopla-modulo-de-pagamentos-do

commit 82fd6b2
Author: Lucas Ferreira <lucas.ferreira@empresa.com>
Date:   Fri May 23 20:58:42 2025 -0300

    fix(reports): resolve falha de conexão com banco em produção
    Merge pull request #619 from lucasferreira/fix/resolve-falha-de-conexao-com

commit a6dc8e5
Author: Juliana Ramos <juliana.ramos@empresa.com>
Date:   Sat May 24 03:10:33 2025 -0300

    test(webhooks): adiciona testes unitários para serviço de notificações
    Merge pull request #620 from julianaramos/test/adiciona-testes-unitarios-para-servico

commit 6e8d16b
Author: Eduardo Pires <eduardo.pires@empresa.com>
Date:   Sat May 24 09:22:24 2025 -0300

    chore(dashboard): padroniza formatação com Prettier/ESLint
    Merge pull request #621 from eduardopires/chore/padroniza-formatacao-com-prettier/eslint

commit a26d895
Author: Bruno Alves <bruno.alves@empresa.com>
Date:   Sat May 24 15:34:14 2025 -0300

    test(search): adiciona testes unitários para serviço de notificações
    Merge pull request #622 from brunoalves/test/adiciona-testes-unitarios-para-servico

tag: v2.11.6
Tagger: Aline Correia <aline.correia@empresa.com>
Date:   Sat May 24 21:46:05 2025 -0300

    Release v2.11.6
    PRs incluídos: #617, #618, #619, #620, #621, #622

commit fdd1658
Author: Bruno Alves <bruno.alves@empresa.com>
Date:   Sun May 25 03:57:56 2025 -0300

    refactor(dashboard): unifica tratamento de erros da API
    Merge pull request #623 from brunoalves/refactor/unifica-tratamento-de-erros-da

commit 1f012a9
Author: Juliana Ramos <juliana.ramos@empresa.com>
Date:   Sun May 25 10:09:47 2025 -0300

    style(webhooks): ajusta espaçamento e tipografia da interface
    Merge pull request #624 from julianaramos/style/ajusta-espacamento-e-tipografia-da

commit 47338f2
Author: Fernanda Lima <fernanda.lima@empresa.com>
Date:   Sun May 25 16:21:37 2025 -0300

    fix(public-api): resolve falha no reenvio de e-mails de confirmação
    Merge pull request #625 from fernandalima/fix/resolve-falha-no-reenvio-de

commit c7d6435
Author: Rafael Nunes <rafael.nunes@empresa.com>
Date:   Sun May 25 22:33:28 2025 -0300

    docs(public-api): adiciona exemplos de uso da API pública
    Merge pull request #626 from rafaelnunes/docs/adiciona-exemplos-de-uso-da

commit fb3adf7
Author: Diego Castro <diego.castro@empresa.com>
Date:   Mon May 26 04:45:19 2025 -0300

    test(core): corrige testes instáveis (flaky tests) na suíte de CI
    Merge pull request #627 from diegocastro/test/corrige-testes-instaveis-(flaky-tests)

commit 01178c9
Author: Carla Mendes <carla.mendes@empresa.com>
Date:   Mon May 26 10:57:10 2025 -0300

    perf(notifications): otimiza carregamento de imagens (lazy loading)
    Merge pull request #628 from carlamendes/perf/otimiza-carregamento-de-imagens-(lazy

commit ec0c892
Author: Thiago Rocha <thiago.rocha@empresa.com>
Date:   Mon May 26 17:09:00 2025 -0300

    fix(billing): corrige exibição de dados sensíveis no log
    Merge pull request #629 from thiagorocha/fix/corrige-exibicao-de-dados-sensiveis

commit ad182ff
Author: Bruno Alves <bruno.alves@empresa.com>
Date:   Mon May 26 23:20:51 2025 -0300

    refactor(dashboard): extrai serviço de notificações para módulo próprio
    Merge pull request #630 from brunoalves/refactor/extrai-servico-de-notificacoes-para

commit 82bdae0
Author: Thiago Rocha <thiago.rocha@empresa.com>
Date:   Tue May 27 05:32:42 2025 -0300

    fix(public-api): resolve race condition no processamento de pedidos
    Merge pull request #631 from thiagorocha/fix/resolve-race-condition-no-processamento

commit 40c69a2
Author: Camila Duarte <camila.duarte@empresa.com>
Date:   Tue May 27 11:44:32 2025 -0300

    chore(webhooks): atualiza imagem base do Docker
    Merge pull request #632 from camiladuarte/chore/atualiza-imagem-base-do-docker

commit daef485
Author: Bruno Alves <bruno.alves@empresa.com>
Date:   Tue May 27 17:56:23 2025 -0300

    chore(webhooks): padroniza formatação com Prettier/ESLint
    Merge pull request #633 from brunoalves/chore/padroniza-formatacao-com-prettier/eslint

commit b5cc700
Author: Thiago Rocha <thiago.rocha@empresa.com>
Date:   Wed May 28 00:08:14 2025 -0300

    refactor(search): simplifica lógica de validação de formulários
    Merge pull request #634 from thiagorocha/refactor/simplifica-logica-de-validacao-de

commit 6851cd8
Author: Lucas Ferreira <lucas.ferreira@empresa.com>
Date:   Wed May 28 06:20:05 2025 -0300

    refactor(dashboard): simplifica lógica de validação de formulários
    Merge pull request #635 from lucasferreira/refactor/simplifica-logica-de-validacao-de

tag: v2.11.7
Tagger: Vinicius Teixeira <vinicius.teixeira@empresa.com>
Date:   Wed May 28 12:31:55 2025 -0300

    Release v2.11.7
    PRs incluídos: #630, #631, #632, #633, #634, #635

commit f376689
Author: Eduardo Pires <eduardo.pires@empresa.com>
Date:   Wed May 28 18:43:46 2025 -0300

    security(webhooks): corrige exposição de dados em endpoint de debug
    Merge pull request #636 from eduardopires/security/corrige-exposicao-de-dados-em

commit 696d5d4
Author: Fernanda Lima <fernanda.lima@empresa.com>
Date:   Thu May 29 00:55:37 2025 -0300

    security(admin-panel): atualiza dependência com CVE crítico
    Merge pull request #637 from fernandalima/security/atualiza-dependencia-com-cve-critico

commit e20f4ac
Author: Juliana Ramos <juliana.ramos@empresa.com>
Date:   Thu May 29 07:07:28 2025 -0300

    perf(reports): reduz tempo de build do frontend
    Merge pull request #638 from julianaramos/perf/reduz-tempo-de-build-do

commit 2311a7f
Author: Eduardo Pires <eduardo.pires@empresa.com>
Date:   Thu May 29 13:19:18 2025 -0300

    security(notifications): adiciona validação contra SQL injection
    Merge pull request #639 from eduardopires/security/adiciona-validacao-contra-sql-injection

commit c9cb415
Author: Camila Duarte <camila.duarte@empresa.com>
Date:   Thu May 29 19:31:09 2025 -0300

    feat(notifications): implementa autenticação via OAuth2
    Merge pull request #640 from camiladuarte/feat/implementa-autenticacao-via-oauth2

commit 2ad483a
Author: Patricia Gomes <patricia.gomes@empresa.com>
Date:   Fri May 30 01:43:00 2025 -0300

    docs(auth): atualiza changelog do projeto
    Merge pull request #641 from patriciagomes/docs/atualiza-changelog-do-projeto

commit 88ad5af
Author: Diego Castro <diego.castro@empresa.com>
Date:   Fri May 30 07:54:50 2025 -0300

    docs(notifications): atualiza changelog do projeto
    Merge pull request #642 from diegocastro/docs/atualiza-changelog-do-projeto

commit 41751f8
Author: Patricia Gomes <patricia.gomes@empresa.com>
Date:   Fri May 30 14:06:41 2025 -0300

    perf(billing): otimiza consultas ao banco de dados
    Merge pull request #643 from patriciagomes/perf/otimiza-consultas-ao-banco-de

commit ebfef34
Author: Diego Castro <diego.castro@empresa.com>
Date:   Fri May 30 20:18:32 2025 -0300

    fix(core): corrige ordenação incorreta na busca
    Merge pull request #644 from diegocastro/fix/corrige-ordenacao-incorreta-na-busca

commit 8605d27
Author: Rafael Nunes <rafael.nunes@empresa.com>
Date:   Sat May 31 02:30:23 2025 -0300

    test(auth): aumenta cobertura de testes do módulo de usuários
    Merge pull request #645 from rafaelnunes/test/aumenta-cobertura-de-testes-do

commit 3cb3a40
Author: Camila Duarte <camila.duarte@empresa.com>
Date:   Sat May 31 08:42:13 2025 -0300

    docs(notifications): atualiza documentação da API no README
    Merge pull request #646 from camiladuarte/docs/atualiza-documentacao-da-api-no

commit 80a1ea4
Author: Eduardo Pires <eduardo.pires@empresa.com>
Date:   Sat May 31 14:54:04 2025 -0300

    perf(webhooks): reduz tamanho do bundle JavaScript
    Merge pull request #647 from eduardopires/perf/reduz-tamanho-do-bundle-javascript

commit 2c2c857
Author: Marina Souza <marina.souza@empresa.com>
Date:   Sat May 31 21:05:55 2025 -0300

    test(core): adiciona testes end-to-end para fluxo de compra
    Merge pull request #648 from marinasouza/test/adiciona-testes-end-to-end-para-fluxo

commit cc9439f
Author: Fernanda Lima <fernanda.lima@empresa.com>
Date:   Sun Jun 1 03:17:46 2025 -0300

    feat(auth): adiciona sistema de notificações push
    Merge pull request #649 from fernandalima/feat/adiciona-sistema-de-notificacoes-push

commit 3b6fecf
Author: Eduardo Pires <eduardo.pires@empresa.com>
Date:   Sun Jun 1 09:29:36 2025 -0300

    chore(webhooks): atualiza biblioteca de testes
    Merge pull request #650 from eduardopires/chore/atualiza-biblioteca-de-testes

commit 5dd21ae
Author: Lucas Ferreira <lucas.ferreira@empresa.com>
Date:   Sun Jun 1 15:41:27 2025 -0300

    fix(reports): corrige cálculo incorreto de impostos
    Merge pull request #651 from lucasferreira/fix/corrige-calculo-incorreto-de-impostos

commit 29ed2f9
Author: Camila Duarte <camila.duarte@empresa.com>
Date:   Sun Jun 1 21:53:18 2025 -0300

    chore(mobile-api): atualiza imagem base do Docker
    Merge pull request #652 from camiladuarte/chore/atualiza-imagem-base-do-docker

commit 1213dd3
Author: Camila Duarte <camila.duarte@empresa.com>
Date:   Mon Jun 2 04:05:09 2025 -0300

    refactor(notifications): migra chamadas de API para hooks customizados
    Merge pull request #653 from camiladuarte/refactor/migra-chamadas-de-api-para

commit 203e55c
Author: Eduardo Pires <eduardo.pires@empresa.com>
Date:   Mon Jun 2 10:16:59 2025 -0300

    test(notifications): adiciona testes end-to-end para fluxo de compra
    Merge pull request #654 from eduardopires/test/adiciona-testes-end-to-end-para-fluxo

tag: v2.12.0
Tagger: Vinicius Teixeira <vinicius.teixeira@empresa.com>
Date:   Mon Jun 2 16:28:50 2025 -0300

    Release v2.12.0
    PRs incluídos: #649, #650, #651, #652, #653, #654

commit a565283
Author: Eduardo Pires <eduardo.pires@empresa.com>
Date:   Mon Jun 2 22:40:41 2025 -0300

    perf(notifications): otimiza indexação de busca full-text
    Merge pull request #655 from eduardopires/perf/otimiza-indexacao-de-busca-full-text

commit 5fecf9b
Author: Marina Souza <marina.souza@empresa.com>
Date:   Tue Jun 3 04:52:31 2025 -0300

    security(core): corrige vulnerabilidade de XSS no formulário de contato
    Merge pull request #656 from marinasouza/security/corrige-vulnerabilidade-de-xss-no

commit 4406306
Author: Eduardo Pires <eduardo.pires@empresa.com>
Date:   Tue Jun 3 11:04:22 2025 -0300

    security(checkout): implementa rate limiting na API pública
    Merge pull request #657 from eduardopires/security/implementa-rate-limiting-na-api

commit 629e4fd
Author: Bruno Alves <bruno.alves@empresa.com>
Date:   Tue Jun 3 17:16:13 2025 -0300

    chore(search): atualiza versão do runtime do Node.js
    Merge pull request #658 from brunoalves/chore/atualiza-versao-do-runtime-do

commit 0e769c1
Author: Carla Mendes <carla.mendes@empresa.com>
Date:   Tue Jun 3 23:28:04 2025 -0300

    perf(dashboard): reduz tamanho do bundle JavaScript
    Merge pull request #659 from carlamendes/perf/reduz-tamanho-do-bundle-javascript

commit 91fcff7
Author: Rafael Nunes <rafael.nunes@empresa.com>
Date:   Wed Jun 4 05:39:54 2025 -0300

    security(dashboard): corrige exposição de dados em endpoint de debug
    Merge pull request #660 from rafaelnunes/security/corrige-exposicao-de-dados-em

commit 28df3fb
Author: Patricia Gomes <patricia.gomes@empresa.com>
Date:   Wed Jun 4 11:51:45 2025 -0300

    security(reports): adiciona validação contra SQL injection
    Merge pull request #661 from patriciagomes/security/adiciona-validacao-contra-sql-injection

commit 6fbe77a
Author: Fernanda Lima <fernanda.lima@empresa.com>
Date:   Wed Jun 4 18:03:36 2025 -0300

    chore(public-api): reorganiza arquivos de configuração
    Merge pull request #662 from fernandalima/chore/reorganiza-arquivos-de-configuracao

commit cdbf569
Author: Eduardo Pires <eduardo.pires@empresa.com>
Date:   Thu Jun 5 00:15:27 2025 -0300

    perf(notifications): reduz tempo de build do frontend
    Merge pull request #663 from eduardopires/perf/reduz-tempo-de-build-do

commit 65f3df9
Author: Rafael Nunes <rafael.nunes@empresa.com>
Date:   Thu Jun 5 06:27:17 2025 -0300

    perf(auth): reduz tempo de build do frontend
    Merge pull request #664 from rafaelnunes/perf/reduz-tempo-de-build-do

commit b5512ad
Author: Patricia Gomes <patricia.gomes@empresa.com>
Date:   Thu Jun 5 12:39:08 2025 -0300

    feat(notifications): implementa paginação infinita na listagem
    Merge pull request #665 from patriciagomes/feat/implementa-paginacao-infinita-na-listagem

commit 8ab1843
Author: Bruno Alves <bruno.alves@empresa.com>
Date:   Thu Jun 5 18:50:59 2025 -0300

    style(dashboard): ajusta espaçamento e tipografia da interface
    Merge pull request #666 from brunoalves/style/ajusta-espacamento-e-tipografia-da

commit 313536b
Author: Diego Castro <diego.castro@empresa.com>
Date:   Fri Jun 6 01:02:49 2025 -0300

    fix(admin-panel): corrige inconsistência de fuso horário nos relatórios
    Merge pull request #667 from diegocastro/fix/corrige-inconsistencia-de-fuso-horario

commit 34ba436
Author: Juliana Ramos <juliana.ramos@empresa.com>
Date:   Fri Jun 6 07:14:40 2025 -0300

    style(public-api): padroniza ícones do menu lateral
    Merge pull request #668 from julianaramos/style/padroniza-icones-do-menu-lateral

tag: v2.12.1
Tagger: Renata Bastos <renata.bastos@empresa.com>
Date:   Fri Jun 6 13:26:31 2025 -0300

    Release v2.12.1
    PRs incluídos: #663, #664, #665, #666, #667, #668

commit db74d74
Author: Patricia Gomes <patricia.gomes@empresa.com>
Date:   Fri Jun 6 19:38:22 2025 -0300

    fix(reports): resolve falha de autenticação após expiração de token
    Merge pull request #669 from patriciagomes/fix/resolve-falha-de-autenticacao-apos

commit b0e4022
Author: Fernanda Lima <fernanda.lima@empresa.com>
Date:   Sat Jun 7 01:50:12 2025 -0300

    perf(webhooks): otimiza indexação de busca full-text
    Merge pull request #670 from fernandalima/perf/otimiza-indexacao-de-busca-full-text

commit 1419dc9
Author: Fernanda Lima <fernanda.lima@empresa.com>
Date:   Sat Jun 7 08:02:03 2025 -0300

    security(search): corrige vulnerabilidade de XSS no formulário de contato
    Merge pull request #671 from fernandalima/security/corrige-vulnerabilidade-de-xss-no

commit 4ce6ebc
Author: Thiago Rocha <thiago.rocha@empresa.com>
Date:   Sat Jun 7 14:13:54 2025 -0300

    feat(mobile-api): adiciona integração com gateway de pagamento
    Merge pull request #672 from thiagorocha/feat/adiciona-integracao-com-gateway-de

commit c49629a
Author: Juliana Ramos <juliana.ramos@empresa.com>
Date:   Sat Jun 7 20:25:45 2025 -0300

    feat(reports): implementa histórico de alterações (audit log)
    Merge pull request #673 from julianaramos/feat/implementa-historico-de-alteracoes-(audit

commit 879d31b
Author: Carla Mendes <carla.mendes@empresa.com>
Date:   Sun Jun 8 02:37:35 2025 -0300

    feat(admin-panel): implementa histórico de alterações (audit log)
    Merge pull request #674 from carlamendes/feat/implementa-historico-de-alteracoes-(audit

commit 3e90ea7
Author: Patricia Gomes <patricia.gomes@empresa.com>
Date:   Sun Jun 8 08:49:26 2025 -0300

    fix(webhooks): resolve vazamento de memória no worker de filas
    Merge pull request #675 from patriciagomes/fix/resolve-vazamento-de-memoria-no

commit b994c73
Author: Lucas Ferreira <lucas.ferreira@empresa.com>
Date:   Sun Jun 8 15:01:17 2025 -0300

    style(billing): ajusta paleta de cores para acessibilidade
    Merge pull request #676 from lucasferreira/style/ajusta-paleta-de-cores-para

commit 4dd221d
Author: Lucas Ferreira <lucas.ferreira@empresa.com>
Date:   Sun Jun 8 21:13:07 2025 -0300

    docs(checkout): atualiza changelog do projeto
    Merge pull request #677 from lucasferreira/docs/atualiza-changelog-do-projeto

commit cc8fdef
Author: Bruno Alves <bruno.alves@empresa.com>
Date:   Mon Jun 9 03:24:58 2025 -0300

    fix(webhooks): corrige encoding incorreto em exportação CSV
    Merge pull request #678 from brunoalves/fix/corrige-encoding-incorreto-em-exportacao

commit e436ef1
Author: Carla Mendes <carla.mendes@empresa.com>
Date:   Mon Jun 9 09:36:49 2025 -0300

    style(dashboard): ajusta espaçamento e tipografia da interface
    Merge pull request #679 from carlamendes/style/ajusta-espacamento-e-tipografia-da

commit 33b9143
Author: Patricia Gomes <patricia.gomes@empresa.com>
Date:   Mon Jun 9 15:48:40 2025 -0300

    fix(search): corrige botão de cancelamento não responsivo
    Merge pull request #680 from patriciagomes/fix/corrige-botao-de-cancelamento-nao

commit 44d1996
Author: Thiago Rocha <thiago.rocha@empresa.com>
Date:   Mon Jun 9 22:00:30 2025 -0300

    test(core): adiciona testes unitários para serviço de notificações
    Merge pull request #681 from thiagorocha/test/adiciona-testes-unitarios-para-servico

commit b21df9e
Author: Eduardo Pires <eduardo.pires@empresa.com>
Date:   Tue Jun 10 04:12:21 2025 -0300

    feat(mobile-api): implementa dashboard de métricas em tempo real
    Merge pull request #682 from eduardopires/feat/implementa-dashboard-de-metricas-em

commit eee4a2d
Author: Fernanda Lima <fernanda.lima@empresa.com>
Date:   Tue Jun 10 10:24:12 2025 -0300

    chore(mobile-api): remove código legado não utilizado
    Merge pull request #683 from fernandalima/chore/remove-codigo-legado-nao-utilizado

commit e825093
Author: Fernanda Lima <fernanda.lima@empresa.com>
Date:   Tue Jun 10 16:36:03 2025 -0300

    style(webhooks): ajusta espaçamento e tipografia da interface
    Merge pull request #684 from fernandalima/style/ajusta-espacamento-e-tipografia-da

commit 6f03508
Author: Rafael Nunes <rafael.nunes@empresa.com>
Date:   Tue Jun 10 22:47:53 2025 -0300

    style(core): ajusta paleta de cores para acessibilidade
    Merge pull request #685 from rafaelnunes/style/ajusta-paleta-de-cores-para

tag: v2.13.0
Tagger: Renata Bastos <renata.bastos@empresa.com>
Date:   Wed Jun 11 04:59:44 2025 -0300

    Release v2.13.0
    PRs incluídos: #680, #681, #682, #683, #684, #685

commit 1f0ad5d
Author: Patricia Gomes <patricia.gomes@empresa.com>
Date:   Wed Jun 11 11:11:35 2025 -0300

    docs(admin-panel): atualiza changelog do projeto
    Merge pull request #686 from patriciagomes/docs/atualiza-changelog-do-projeto

commit 3359458
Author: Patricia Gomes <patricia.gomes@empresa.com>
Date:   Wed Jun 11 17:23:26 2025 -0300

    security(checkout): implementa rate limiting na API pública
    Merge pull request #687 from patriciagomes/security/implementa-rate-limiting-na-api

commit a5019c3
Author: Carla Mendes <carla.mendes@empresa.com>
Date:   Wed Jun 11 23:35:16 2025 -0300

    security(core): atualiza dependência com CVE crítico
    Merge pull request #688 from carlamendes/security/atualiza-dependencia-com-cve-critico

commit 1677fc3
Author: Fernanda Lima <fernanda.lima@empresa.com>
Date:   Thu Jun 12 05:47:07 2025 -0300

    test(checkout): adiciona testes unitários para serviço de notificações
    Merge pull request #689 from fernandalima/test/adiciona-testes-unitarios-para-servico

commit f0d7083
Author: Thiago Rocha <thiago.rocha@empresa.com>
Date:   Thu Jun 12 11:58:58 2025 -0300

    style(checkout): padroniza ícones do menu lateral
    Merge pull request #690 from thiagorocha/style/padroniza-icones-do-menu-lateral

commit de264b5
Author: Patricia Gomes <patricia.gomes@empresa.com>
Date:   Thu Jun 12 18:10:48 2025 -0300

    chore(admin-panel): reorganiza arquivos de configuração
    Merge pull request #691 from patriciagomes/chore/reorganiza-arquivos-de-configuracao

commit 0e9501f
Author: Patricia Gomes <patricia.gomes@empresa.com>
Date:   Fri Jun 13 00:22:39 2025 -0300

    style(core): padroniza ícones do menu lateral
    Merge pull request #692 from patriciagomes/style/padroniza-icones-do-menu-lateral

commit 6915292
Author: Juliana Ramos <juliana.ramos@empresa.com>
Date:   Fri Jun 13 06:34:30 2025 -0300

    security(webhooks): implementa rate limiting na API pública
    Merge pull request #693 from julianaramos/security/implementa-rate-limiting-na-api

commit 6aa8e87
Author: Rafael Nunes <rafael.nunes@empresa.com>
Date:   Fri Jun 13 12:46:21 2025 -0300

    style(search): padroniza ícones do menu lateral
    Merge pull request #694 from rafaelnunes/style/padroniza-icones-do-menu-lateral

commit 040f005
Author: Thiago Rocha <thiago.rocha@empresa.com>
Date:   Fri Jun 13 18:58:11 2025 -0300

    perf(reports): otimiza indexação de busca full-text
    Merge pull request #695 from thiagorocha/perf/otimiza-indexacao-de-busca-full-text

commit 20e3bcb
Author: Eduardo Pires <eduardo.pires@empresa.com>
Date:   Sat Jun 14 01:10:02 2025 -0300

    security(checkout): adiciona validação contra SQL injection
    Merge pull request #696 from eduardopires/security/adiciona-validacao-contra-sql-injection

commit 6e0708b
Author: Eduardo Pires <eduardo.pires@empresa.com>
Date:   Sat Jun 14 07:21:53 2025 -0300

    fix(reports): resolve travamento ao anexar múltiplos arquivos
    Merge pull request #697 from eduardopires/fix/resolve-travamento-ao-anexar-multiplos

commit fb18f60
Author: Lucas Ferreira <lucas.ferreira@empresa.com>
Date:   Sat Jun 14 13:33:44 2025 -0300

    test(billing): aumenta cobertura de testes do módulo de usuários
    Merge pull request #698 from lucasferreira/test/aumenta-cobertura-de-testes-do

commit f565242
Author: Camila Duarte <camila.duarte@empresa.com>
Date:   Sat Jun 14 19:45:34 2025 -0300

    fix(admin-panel): resolve falha de autenticação após expiração de token
    Merge pull request #699 from camiladuarte/fix/resolve-falha-de-autenticacao-apos

commit 608e0d1
Author: Lucas Ferreira <lucas.ferreira@empresa.com>
Date:   Sun Jun 15 01:57:25 2025 -0300

    style(notifications): ajusta paleta de cores para acessibilidade
    Merge pull request #700 from lucasferreira/style/ajusta-paleta-de-cores-para

commit efb1718
Author: Fernanda Lima <fernanda.lima@empresa.com>
Date:   Sun Jun 15 08:09:16 2025 -0300

    test(webhooks): adiciona testes de integração para módulo de checkout
    Merge pull request #701 from fernandalima/test/adiciona-testes-de-integracao-para

commit a207d27
Author: Diego Castro <diego.castro@empresa.com>
Date:   Sun Jun 15 14:21:06 2025 -0300

    feat(billing): adiciona exportação de dados em PDF
    Merge pull request #702 from diegocastro/feat/adiciona-exportacao-de-dados-em

commit fd0a873
Author: Thiago Rocha <thiago.rocha@empresa.com>
Date:   Sun Jun 15 20:32:57 2025 -0300

    fix(core): corrige inconsistência de fuso horário nos relatórios
    Merge pull request #703 from thiagorocha/fix/corrige-inconsistencia-de-fuso-horario

commit 2e3e321
Author: Thiago Rocha <thiago.rocha@empresa.com>
Date:   Mon Jun 16 02:44:48 2025 -0300

    docs(billing): adiciona exemplos de uso da API pública
    Merge pull request #704 from thiagorocha/docs/adiciona-exemplos-de-uso-da

tag: v2.14.0
Tagger: Vinicius Teixeira <vinicius.teixeira@empresa.com>
Date:   Mon Jun 16 08:56:39 2025 -0300

    Release v2.14.0
    PRs incluídos: #699, #700, #701, #702, #703, #704

commit d23119c
Author: Marina Souza <marina.souza@empresa.com>
Date:   Mon Jun 16 15:08:29 2025 -0300

    feat(admin-panel): implementa upload de arquivos em lote
    Merge pull request #705 from marinasouza/feat/implementa-upload-de-arquivos-em

commit ced3a0e
Author: Lucas Ferreira <lucas.ferreira@empresa.com>
Date:   Mon Jun 16 21:20:20 2025 -0300

    refactor(dashboard): reorganiza estrutura de pastas do backend
    Merge pull request #706 from lucasferreira/refactor/reorganiza-estrutura-de-pastas-do

commit 2648bdf
Author: Lucas Ferreira <lucas.ferreira@empresa.com>
Date:   Tue Jun 17 03:32:11 2025 -0300

    fix(core): corrige inconsistência de fuso horário nos relatórios
    Merge pull request #707 from lucasferreira/fix/corrige-inconsistencia-de-fuso-horario

commit 149db94
Author: Diego Castro <diego.castro@empresa.com>
Date:   Tue Jun 17 09:44:02 2025 -0300

    refactor(core): extrai serviço de notificações para módulo próprio
    Merge pull request #708 from diegocastro/refactor/extrai-servico-de-notificacoes-para

commit 04171db
Author: Juliana Ramos <juliana.ramos@empresa.com>
Date:   Tue Jun 17 15:55:52 2025 -0300

    docs(reports): documenta processo de deploy
    Merge pull request #709 from julianaramos/docs/documenta-processo-de-deploy

commit feaa9da
Author: Camila Duarte <camila.duarte@empresa.com>
Date:   Tue Jun 17 22:07:43 2025 -0300

    fix(billing): resolve lentidão na listagem de produtos
    Merge pull request #710 from camiladuarte/fix/resolve-lentidao-na-listagem-de

commit 77e67fa
Author: Diego Castro <diego.castro@empresa.com>
Date:   Wed Jun 18 04:19:34 2025 -0300

    perf(core): reduz tempo de build do frontend
    Merge pull request #711 from diegocastro/perf/reduz-tempo-de-build-do

commit b02b034
Author: Fernanda Lima <fernanda.lima@empresa.com>
Date:   Wed Jun 18 10:31:24 2025 -0300

    security(core): atualiza dependência com CVE crítico
    Merge pull request #712 from fernandalima/security/atualiza-dependencia-com-cve-critico

commit 6695785
Author: Bruno Alves <bruno.alves@empresa.com>
Date:   Wed Jun 18 16:43:15 2025 -0300

    docs(core): atualiza documentação da API no README
    Merge pull request #713 from brunoalves/docs/atualiza-documentacao-da-api-no

commit 58304c3
Author: Patricia Gomes <patricia.gomes@empresa.com>
Date:   Wed Jun 18 22:55:06 2025 -0300

    chore(core): atualiza versão do runtime do Node.js
    Merge pull request #714 from patriciagomes/chore/atualiza-versao-do-runtime-do

commit b5d2344
Author: Bruno Alves <bruno.alves@empresa.com>
Date:   Thu Jun 19 05:06:57 2025 -0300

    perf(reports): reduz tempo de build do frontend
    Merge pull request #715 from brunoalves/perf/reduz-tempo-de-build-do

tag: v2.14.1
Tagger: Renata Bastos <renata.bastos@empresa.com>
Date:   Thu Jun 19 11:18:47 2025 -0300

    Release v2.14.1
    PRs incluídos: #710, #711, #712, #713, #714, #715

commit 694a718
Author: Fernanda Lima <fernanda.lima@empresa.com>
Date:   Thu Jun 19 17:30:38 2025 -0300

    refactor(admin-panel): reorganiza estrutura de pastas do backend
    Merge pull request #716 from fernandalima/refactor/reorganiza-estrutura-de-pastas-do

commit 2f25cbf
Author: Patricia Gomes <patricia.gomes@empresa.com>
Date:   Thu Jun 19 23:42:29 2025 -0300

    perf(public-api): reduz tempo de build do frontend
    Merge pull request #717 from patriciagomes/perf/reduz-tempo-de-build-do

commit fff8c16
Author: Carla Mendes <carla.mendes@empresa.com>
Date:   Fri Jun 20 05:54:20 2025 -0300

    docs(public-api): adiciona exemplos de uso da API pública
    Merge pull request #718 from carlamendes/docs/adiciona-exemplos-de-uso-da

commit 9dc5b82
Author: Bruno Alves <bruno.alves@empresa.com>
Date:   Fri Jun 20 12:06:10 2025 -0300

    refactor(billing): migra chamadas de API para hooks customizados
    Merge pull request #719 from brunoalves/refactor/migra-chamadas-de-api-para

commit 71eadee
Author: Rafael Nunes <rafael.nunes@empresa.com>
Date:   Fri Jun 20 18:18:01 2025 -0300

    perf(reports): otimiza indexação de busca full-text
    Merge pull request #720 from rafaelnunes/perf/otimiza-indexacao-de-busca-full-text

commit 05e782b
Author: Thiago Rocha <thiago.rocha@empresa.com>
Date:   Sat Jun 21 00:29:52 2025 -0300

    docs(search): documenta processo de deploy
    Merge pull request #721 from thiagorocha/docs/documenta-processo-de-deploy

commit 87332b1
Author: Patricia Gomes <patricia.gomes@empresa.com>
Date:   Sat Jun 21 06:41:43 2025 -0300

    style(checkout): ajusta paleta de cores para acessibilidade
    Merge pull request #722 from patriciagomes/style/ajusta-paleta-de-cores-para

commit 8648099
Author: Thiago Rocha <thiago.rocha@empresa.com>
Date:   Sat Jun 21 12:53:33 2025 -0300

    docs(notifications): documenta processo de deploy
    Merge pull request #723 from thiagorocha/docs/documenta-processo-de-deploy

commit 4c776f7
Author: Fernanda Lima <fernanda.lima@empresa.com>
Date:   Sat Jun 21 19:05:24 2025 -0300

    feat(webhooks): implementa sistema de permissões por papel
    Merge pull request #724 from fernandalima/feat/implementa-sistema-de-permissoes-por

commit a6dd6ee
Author: Patricia Gomes <patricia.gomes@empresa.com>
Date:   Sun Jun 22 01:17:15 2025 -0300

    perf(checkout): otimiza carregamento de imagens (lazy loading)
    Merge pull request #725 from patriciagomes/perf/otimiza-carregamento-de-imagens-(lazy

commit 90fba7d
Author: Marina Souza <marina.souza@empresa.com>
Date:   Sun Jun 22 07:29:05 2025 -0300

    chore(auth): padroniza formatação com Prettier/ESLint
    Merge pull request #726 from marinasouza/chore/padroniza-formatacao-com-prettier/eslint

commit 0144acc
Author: Fernanda Lima <fernanda.lima@empresa.com>
Date:   Sun Jun 22 13:40:56 2025 -0300

    test(admin-panel): adiciona testes end-to-end para fluxo de compra
    Merge pull request #727 from fernandalima/test/adiciona-testes-end-to-end-para-fluxo

commit 3ae9253
Author: Rafael Nunes <rafael.nunes@empresa.com>
Date:   Sun Jun 22 19:52:47 2025 -0300

    security(dashboard): atualiza dependência com CVE crítico
    Merge pull request #728 from rafaelnunes/security/atualiza-dependencia-com-cve-critico

commit 62c9679
Author: Carla Mendes <carla.mendes@empresa.com>
Date:   Mon Jun 23 02:04:38 2025 -0300

    perf(auth): otimiza consultas ao banco de dados
    Merge pull request #729 from carlamendes/perf/otimiza-consultas-ao-banco-de

commit 05adc53
Author: Rafael Nunes <rafael.nunes@empresa.com>
Date:   Mon Jun 23 08:16:28 2025 -0300

    feat(mobile-api): implementa paginação infinita na listagem
    Merge pull request #730 from rafaelnunes/feat/implementa-paginacao-infinita-na-listagem

tag: v2.14.2
Tagger: Vinicius Teixeira <vinicius.teixeira@empresa.com>
Date:   Mon Jun 23 14:28:19 2025 -0300

    Release v2.14.2
    PRs incluídos: #725, #726, #727, #728, #729, #730

commit f596e86
Author: Bruno Alves <bruno.alves@empresa.com>
Date:   Mon Jun 23 20:40:10 2025 -0300

    refactor(search): unifica tratamento de erros da API
    Merge pull request #731 from brunoalves/refactor/unifica-tratamento-de-erros-da

commit afee129
Author: Diego Castro <diego.castro@empresa.com>
Date:   Tue Jun 24 02:52:01 2025 -0300

    security(billing): adiciona validação contra SQL injection
    Merge pull request #732 from diegocastro/security/adiciona-validacao-contra-sql-injection

commit 5d75dec
Author: Diego Castro <diego.castro@empresa.com>
Date:   Tue Jun 24 09:03:51 2025 -0300

    test(admin-panel): adiciona testes unitários para serviço de notificações
    Merge pull request #733 from diegocastro/test/adiciona-testes-unitarios-para-servico

commit 1758926
Author: Eduardo Pires <eduardo.pires@empresa.com>
Date:   Tue Jun 24 15:15:42 2025 -0300

    fix(public-api): resolve falha no reenvio de e-mails de confirmação
    Merge pull request #734 from eduardopires/fix/resolve-falha-no-reenvio-de

commit ade5861
Author: Patricia Gomes <patricia.gomes@empresa.com>
Date:   Tue Jun 24 21:27:33 2025 -0300

    docs(checkout): atualiza documentação da API no README
    Merge pull request #735 from patriciagomes/docs/atualiza-documentacao-da-api-no

commit c6c1083
Author: Rafael Nunes <rafael.nunes@empresa.com>
Date:   Wed Jun 25 03:39:23 2025 -0300

    perf(reports): reduz tamanho do bundle JavaScript
    Merge pull request #736 from rafaelnunes/perf/reduz-tamanho-do-bundle-javascript

commit 227e4f8
Author: Carla Mendes <carla.mendes@empresa.com>
Date:   Wed Jun 25 09:51:14 2025 -0300

    perf(dashboard): reduz tamanho do bundle JavaScript
    Merge pull request #737 from carlamendes/perf/reduz-tamanho-do-bundle-javascript

commit 3c52084
Author: Carla Mendes <carla.mendes@empresa.com>
Date:   Wed Jun 25 16:03:05 2025 -0300

    fix(notifications): resolve race condition no processamento de pedidos
    Merge pull request #738 from carlamendes/fix/resolve-race-condition-no-processamento

commit e13c9e1
Author: Carla Mendes <carla.mendes@empresa.com>
Date:   Wed Jun 25 22:14:56 2025 -0300

    feat(billing): implementa histórico de alterações (audit log)
    Merge pull request #739 from carlamendes/feat/implementa-historico-de-alteracoes-(audit

commit 7620d00
Author: Marina Souza <marina.souza@empresa.com>
Date:   Thu Jun 26 04:26:46 2025 -0300

    refactor(reports): refatora camada de acesso a dados
    Merge pull request #740 from marinasouza/refactor/refatora-camada-de-acesso-a

commit 551d3aa
Author: Bruno Alves <bruno.alves@empresa.com>
Date:   Thu Jun 26 10:38:37 2025 -0300

    fix(checkout): corrige duplicidade de registros na sincronização
    Merge pull request #741 from brunoalves/fix/corrige-duplicidade-de-registros-na

tag: v2.15.0
Tagger: Renata Bastos <renata.bastos@empresa.com>
Date:   Thu Jun 26 16:50:28 2025 -0300

    Release v2.15.0
    PRs incluídos: #736, #737, #738, #739, #740, #741

commit a50ca0c
Author: Rafael Nunes <rafael.nunes@empresa.com>
Date:   Thu Jun 26 23:02:19 2025 -0300

    refactor(reports): simplifica lógica de validação de formulários
    Merge pull request #742 from rafaelnunes/refactor/simplifica-logica-de-validacao-de

commit 126d9f3
Author: Bruno Alves <bruno.alves@empresa.com>
Date:   Fri Jun 27 05:14:09 2025 -0300

    test(reports): corrige testes instáveis (flaky tests) na suíte de CI
    Merge pull request #743 from brunoalves/test/corrige-testes-instaveis-(flaky-tests)

commit ac4a5af
Author: Lucas Ferreira <lucas.ferreira@empresa.com>
Date:   Fri Jun 27 11:26:00 2025 -0300

    test(admin-panel): adiciona testes de integração para módulo de checkout
    Merge pull request #744 from lucasferreira/test/adiciona-testes-de-integracao-para

commit 7070397
Author: Marina Souza <marina.souza@empresa.com>
Date:   Fri Jun 27 17:37:51 2025 -0300

    perf(mobile-api): reduz tamanho do bundle JavaScript
    Merge pull request #745 from marinasouza/perf/reduz-tamanho-do-bundle-javascript

commit bf964c6
Author: Bruno Alves <bruno.alves@empresa.com>
Date:   Fri Jun 27 23:49:41 2025 -0300

    fix(auth): resolve vazamento de memória no worker de filas
    Merge pull request #746 from brunoalves/fix/resolve-vazamento-de-memoria-no

commit 8a1d907
Author: Bruno Alves <bruno.alves@empresa.com>
Date:   Sat Jun 28 06:01:32 2025 -0300

    perf(auth): otimiza carregamento de imagens (lazy loading)
    Merge pull request #747 from brunoalves/perf/otimiza-carregamento-de-imagens-(lazy

commit 177ca5e
Author: Thiago Rocha <thiago.rocha@empresa.com>
Date:   Sat Jun 28 12:13:23 2025 -0300

    refactor(mobile-api): refatora camada de acesso a dados
    Merge pull request #748 from thiagorocha/refactor/refatora-camada-de-acesso-a

commit 4642567
Author: Rafael Nunes <rafael.nunes@empresa.com>
Date:   Sat Jun 28 18:25:14 2025 -0300

    fix(core): corrige quebra de layout em telas menores
    Merge pull request #749 from rafaelnunes/fix/corrige-quebra-de-layout-em

commit 67d5799
Author: Fernanda Lima <fernanda.lima@empresa.com>
Date:   Sun Jun 29 00:37:04 2025 -0300

    test(public-api): aumenta cobertura de testes do módulo de usuários
    Merge pull request #750 from fernandalima/test/aumenta-cobertura-de-testes-do

commit bcc5fed
Author: Camila Duarte <camila.duarte@empresa.com>
Date:   Sun Jun 29 06:48:55 2025 -0300

    test(checkout): adiciona testes unitários para serviço de notificações
    Merge pull request #751 from camiladuarte/test/adiciona-testes-unitarios-para-servico

commit cd29458
Author: Eduardo Pires <eduardo.pires@empresa.com>
Date:   Sun Jun 29 13:00:46 2025 -0300

    chore(core): atualiza imagem base do Docker
    Merge pull request #752 from eduardopires/chore/atualiza-imagem-base-do-docker

commit f2a4f64
Author: Juliana Ramos <juliana.ramos@empresa.com>
Date:   Sun Jun 29 19:12:37 2025 -0300

    test(mobile-api): adiciona testes unitários para serviço de notificações
    Merge pull request #753 from julianaramos/test/adiciona-testes-unitarios-para-servico

commit dcbcf92
Author: Marina Souza <marina.souza@empresa.com>
Date:   Mon Jun 30 01:24:27 2025 -0300

    docs(search): atualiza changelog do projeto
    Merge pull request #754 from marinasouza/docs/atualiza-changelog-do-projeto

commit 6d8bfb1
Author: Marina Souza <marina.souza@empresa.com>
Date:   Mon Jun 30 07:36:18 2025 -0300

    security(auth): adiciona validação contra SQL injection
    Merge pull request #755 from marinasouza/security/adiciona-validacao-contra-sql-injection

commit b048e48
Author: Fernanda Lima <fernanda.lima@empresa.com>
Date:   Mon Jun 30 13:48:09 2025 -0300

    refactor(core): desacopla módulo de pagamentos do core
    Merge pull request #756 from fernandalima/refactor/desacopla-modulo-de-pagamentos-do

commit 2cc26d5
Author: Lucas Ferreira <lucas.ferreira@empresa.com>
Date:   Mon Jun 30 20:00:00 2025 -0300

    chore(checkout): atualiza dependências do projeto
    Merge pull request #757 from lucasferreira/chore/atualiza-dependencias-do-projeto
